Area,YearBuilt,Price,Location_Lyon,Location_Marseille,Location_Paris,Garage_Oui,Condition_Fair,Condition_Good,Condition_Poor
0.4880536029754981,0.3759441833233201,220227.7391533895,0.0,0.0,0.0,0.0,0.0,0.0,1.0
-0.16194281594997706,0.6082953473055969,281962.23602518573,0.0,0.0,0.0,0.0,0.0,0.0,0.0
0.6425987044844572,1.1659381408630614,504047.7137061822,1.0,0.0,0.0,0.0,0.0,1.0,0.0
1.5386428434464026,1.4447595376417934,473632.63474846387,1.0,0.0,0.0,0.0,0.0,0.0,1.0
-0.26009977546954344,-1.3899246629419837,636179.786628281,0.0,0.0,1.0,0.0,0.0,0.0,1.0
-0.2600829693963011,-1.2505139645526178,867255.2250142529,0.0,0.0,1.0,0.0,1.0,0.0,0.0
1.596154593614753,-1.3899246629419837,385983.3927612844,0.0,1.0,0.0,1.0,0.0,0.0,1.0
0.7651770295460921,1.7235809344205257,240464.5244792041,0.0,0.0,0.0,1.0,0.0,0.0,1.0
-0.5009863970202174,-0.18169861023414427,471327.11540637776,1.0,0.0,0.0,1.0,0.0,0.0,0.0
0.5349838011574093,0.236533484933954,1208260.4494319952,0.0,0.0,1.0,0.0,0.0,1.0,0.0
-0.4947864561966852,-1.296984197349073,243447.11825747485,0.0,1.0,0.0,0.0,1.0,0.0,0.0
-0.4971531998287029,1.6771107016240703,373657.34742073074,0.0,1.0,0.0,0.0,0.0,0.0,0.0
0.22727654894598293,0.6547655801020523,362750.3244610027,1.0,0.0,0.0,1.0,0.0,0.0,1.0
-1.9789399112096389,1.2124083736595166,120052.16290212644,1.0,0.0,0.0,0.0,0.0,0.0,1.0
-1.7861225131580691,1.2124083736595166,143936.58330229277,0.0,1.0,0.0,0.0,1.0,0.0,0.0
-0.5959946770347061,-1.3434544301455285,914640.6599812532,0.0,0.0,1.0,1.0,0.0,1.0,0.0
-1.0571941379796221,-1.4828651285348944,213078.09943017497,0.0,1.0,0.0,0.0,1.0,0.0,0.0
0.3012712341220519,-1.3899246629419837,384296.5907266963,0.0,0.0,0.0,1.0,0.0,0.0,0.0
-0.9499082870061981,1.0265274424736952,185466.70084978352,0.0,0.0,0.0,1.0,1.0,0.0,0.0
-1.4661147011880342,-0.6464009381986979,187445.9610650424,1.0,0.0,0.0,0.0,0.0,0.0,1.0
1.4799046277879204,-0.4605200070128765,1748720.193079769,0.0,0.0,1.0,0.0,0.0,0.0,0.0
-0.25152457387155536,-1.5293353613313498,603673.8553197753,0.0,0.0,1.0,0.0,0.0,0.0,1.0
0.04871691741428629,0.236533484933954,281516.24952139304,0.0,0.0,0.0,1.0,0.0,1.0,0.0
-1.4788535123286335,1.119467908066606,155383.76405436874,0.0,1.0,0.0,1.0,0.0,0.0,1.0
-0.5776664032638923,-1.018162800570341,284706.8371726524,1.0,0.0,0.0,1.0,0.0,0.0,1.0
0.09313762914072364,-1.1111032661632516,314366.3103491881,0.0,1.0,0.0,0.0,1.0,0.0,0.0
-1.198624294775567,-1.1111032661632516,167071.07638014026,0.0,1.0,0.0,0.0,0.0,0.0,1.0
0.36417529868547494,-1.0646330333667962,444646.6126716232,0.0,1.0,0.0,0.0,0.0,0.0,0.0
-0.6352528864086341,-0.5069902398093318,939872.7268889368,0.0,0.0,1.0,0.0,0.0,0.0,0.0
-0.3190010460445378,0.4224144161197755,247549.093334177,0.0,0.0,0.0,1.0,0.0,1.0,0.0
-0.6363460663000199,-0.785811636588064,1044866.4612721716,0.0,0.0,1.0,1.0,0.0,0.0,0.0
1.875678270070991,0.8871167440843291,332941.38785697817,0.0,0.0,0.0,1.0,1.0,0.0,0.0
-0.03422485584086759,0.4224144161197755,466862.086231468,1.0,0.0,0.0,1.0,0.0,1.0,0.0
-1.103135405268102,-1.296984197349073,342163.7154058481,1.0,0.0,0.0,0.0,0.0,0.0,0.0
0.8215906311857463,0.7941762784914184,392332.08614614094,0.0,1.0,0.0,0.0,1.0,0.0,0.0
-1.2701264012160305,0.8871167440843291,205009.32205460145,0.0,0.0,0.0,0.0,0.0,0.0,0.0
0.19339505092932238,-0.18169861023414427,328787.74482630397,0.0,0.0,0.0,1.0,0.0,0.0,0.0
-2.0264269639908163,0.7012358128985077,80545.796410448,0.0,0.0,0.0,1.0,0.0,0.0,1.0
-1.3800075703204564,0.3759441833233201,261741.95405586137,0.0,1.0,0.0,0.0,0.0,0.0,0.0
0.18110882230938719,1.5841702360311596,411338.50500263047,0.0,1.0,0.0,0.0,0.0,0.0,0.0
0.7355237506178853,-0.8322818693845194,515413.60630863527,1.0,0.0,0.0,1.0,1.0,0.0,0.0
0.1550129301729922,-0.6464009381986979,1004371.106432984,0.0,0.0,1.0,0.0,1.0,0.0,0.0
-0.13879190252537482,0.050652553748132545,190600.1943445429,0.0,0.0,0.0,1.0,0.0,0.0,1.0
-0.32863354779227943,0.9335869768807845,295270.26700126537,0.0,0.0,0.0,1.0,0.0,0.0,0.0
-1.533899128289076,1.0729976752701507,415861.7582608024,0.0,0.0,1.0,1.0,0.0,0.0,1.0
-0.7572777513707963,-1.5293353613313498,207545.30683904205,0.0,0.0,0.0,0.0,0.0,0.0,0.0
-0.4919418096723584,-0.36757954141996574,306323.1657413779,0.0,1.0,0.0,0.0,0.0,1.0,0.0
1.0617159663558988,1.770051167216981,556423.9232030767,0.0,1.0,0.0,1.0,0.0,1.0,0.0
0.33133684773026034,-0.04228791184477818,183844.58556656007,0.0,0.0,0.0,0.0,0.0,0.0,1.0
-1.8251464724282018,1.1659381408630614,114184.44977026648,0.0,1.0,0.0,1.0,0.0,0.0,1.0
0.3113405186022502,0.8406465112878737,285099.9129699283,0.0,1.0,0.0,1.0,0.0,0.0,1.0
-0.4145983219424211,1.258878606455972,215273.74189921265,0.0,0.0,0.0,1.0,1.0,0.0,0.0
-0.7133403841006204,-1.3434544301455285,325010.7097293469,1.0,0.0,0.0,1.0,1.0,0.0,0.0
0.6057347244515027,0.6082953473055969,963649.1643708844,0.0,0.0,1.0,0.0,1.0,0.0,0.0
1.0349754308924701,-0.22816884303059964,351498.6356061111,0.0,1.0,0.0,1.0,0.0,0.0,1.0
0.9328975498757335,1.0265274424736952,767547.3324416013,1.0,0.0,0.0,1.0,0.0,0.0,0.0
-0.8794743812601105,1.1659381408630614,243051.0232628724,0.0,1.0,0.0,0.0,0.0,1.0,0.0
-0.336934007591738,-0.5534604726057872,239901.7160951536,0.0,1.0,0.0,1.0,0.0,0.0,1.0
0.31868978307693185,-0.7393414037916086,999854.5212954496,0.0,0.0,1.0,1.0,1.0,0.0,0.0
0.9782094758130602,0.050652553748132545,370680.6095767421,0.0,1.0,0.0,0.0,1.0,0.0,0.0
-0.5109156614925767,-1.4828651285348944,566535.540024582,0.0,0.0,1.0,0.0,0.0,0.0,1.0
-0.21045842957975341,-0.7393414037916086,690105.1375638635,0.0,0.0,1.0,0.0,0.0,0.0,1.0
-1.1529094644477138,1.119467908066606,603867.8265272977,0.0,0.0,1.0,1.0,1.0,0.0,0.0
-1.244906681560626,-0.5534604726057872,308925.8016118058,1.0,0.0,0.0,0.0,0.0,0.0,0.0
0.8113345785766498,0.6547655801020523,266714.65653076646,0.0,0.0,0.0,0.0,1.0,0.0,0.0
1.3679082459284948,0.6082953473055969,612145.6030782781,1.0,0.0,0.0,1.0,1.0,0.0,0.0
-0.09412164943756801,0.7012358128985077,179958.05179762008,0.0,0.0,0.0,1.0,0.0,0.0,1.0
1.0068591892862724,0.004182320951677179,414833.2334894915,0.0,0.0,0.0,1.0,0.0,0.0,0.0
0.34978072320582826,1.3982893048453382,1002396.5831283178,0.0,0.0,1.0,1.0,1.0,0.0,0.0
-0.680785979013055,-0.08875814464123355,257457.48300906637,0.0,1.0,0.0,1.0,1.0,0.0,0.0
0.3495346174702654,0.004182320951677179,1167703.4347462456,0.0,0.0,1.0,0.0,0.0,1.0,0.0
1.5540044793149395,-1.3899246629419837,353602.5405401543,0.0,1.0,0.0,0.0,0.0,0.0,1.0
-0.05708177214262034,0.14359301934104327,255819.6055514704,0.0,0.0,0.0,0.0,0.0,1.0,0.0
1.5812408566759975,0.2830037177304094,1536307.6297675627,0.0,0.0,1.0,1.0,0.0,1.0,0.0
-2.702113470411279,1.0265274424736952,67933.02044185146,0.0,1.0,0.0,1.0,1.0,0.0,0.0
0.8209330297822383,-1.1111032661632516,449999.2493891392,1.0,0.0,0.0,1.0,0.0,0.0,1.0
0.06869742435210247,-1.5293353613313498,409462.4367921521,0.0,1.0,0.0,0.0,0.0,0.0,0.0
-0.3264876217154496,-0.8322818693845194,810365.2181120403,0.0,0.0,1.0,0.0,1.0,0.0,0.0
0.07352261722745694,0.19006325213749864,588937.5816203041,1.0,0.0,0.0,1.0,0.0,0.0,0.0
-2.0549855929358354,-0.6928711709951533,163651.26969181164,0.0,1.0,0.0,0.0,0.0,0.0,0.0
-0.24527578490025417,-0.9716925677738855,270258.9211496273,0.0,1.0,0.0,1.0,0.0,0.0,1.0
0.3451502848340431,-0.4605200070128765,376656.2844458676,0.0,1.0,0.0,0.0,0.0,1.0,0.0
1.4924395183488595,-1.296984197349073,353833.0675107757,0.0,1.0,0.0,0.0,0.0,0.0,1.0
-0.550936306453724,0.2830037177304094,363589.36213735864,0.0,1.0,0.0,0.0,0.0,0.0,0.0
-0.848023805168977,0.3759441833233201,320841.6230839833,1.0,0.0,0.0,1.0,1.0,0.0,0.0
-0.534032576347113,-1.018162800570341,254385.1048835603,0.0,0.0,0.0,0.0,0.0,0.0,0.0
0.9166440156165865,-1.5758055941278053,483070.3876300572,1.0,0.0,0.0,0.0,1.0,0.0,0.0
0.31611804205807614,0.050652553748132545,430487.9973027315,1.0,0.0,0.0,1.0,1.0,0.0,0.0
-0.5626980432103299,1.5377000032347041,269337.7517249853,1.0,0.0,0.0,0.0,0.0,0.0,1.0
0.5049983870338858,0.0971227865445879,364514.2173225351,0.0,0.0,0.0,1.0,0.0,0.0,0.0
0.0789651377817005,0.236533484933954,1174002.862082647,0.0,0.0,1.0,1.0,0.0,1.0,0.0
0.9711461431224623,1.2124083736595166,454196.7562266493,0.0,0.0,0.0,1.0,0.0,0.0,0.0
-0.7390658567012924,1.119467908066606,425662.7529098259,1.0,0.0,0.0,1.0,0.0,0.0,0.0
-0.3558201364615698,-1.018162800570341,367415.78013728635,0.0,1.0,0.0,1.0,0.0,1.0,0.0
-0.4217903645622023,-1.5758055941278053,209234.43866245457,0.0,1.0,0.0,0.0,0.0,0.0,1.0
-1.518537152386801,1.5841702360311596,330692.1721501928,1.0,0.0,0.0,1.0,0.0,0.0,0.0
0.28271545305104245,-0.8787521021809748,476440.42857969337,0.0,1.0,0.0,1.0,0.0,0.0,0.0
0.2468211208031911,-0.36757954141996574,455759.1526649584,1.0,0.0,0.0,1.0,1.0,0.0,0.0
-0.015174010617158666,1.3982893048453382,463658.5321592195,0.0,1.0,0.0,1.0,0.0,0.0,0.0
-0.2605437930082467,-0.04228791184477818,242812.43713630136,0.0,0.0,0.0,0.0,0.0,1.0,0.0
-1.4692542809145543,-1.4363948957384391,514894.26423542015,0.0,0.0,1.0,1.0,1.0,0.0,0.0
-0.45100247080875705,1.3518190720488827,662078.1102397345,0.0,0.0,1.0,0.0,0.0,0.0,1.0
-0.3712285121091972,0.19006325213749864,214996.60961280472,0.0,0.0,0.0,1.0,1.0,0.0,0.0
-0.8416604481152825,0.9335869768807845,189738.31220815712,0.0,0.0,0.0,0.0,0.0,1.0,0.0
-0.18550870906286546,0.004182320951677179,464665.5456000202,1.0,0.0,0.0,1.0,0.0,1.0,0.0
0.3931987141253973,0.4224144161197755,463139.0905252175,1.0,0.0,0.0,1.0,1.0,0.0,0.0
1.9103879429501327,-0.5999307054022426,485494.45466458454,1.0,0.0,0.0,0.0,0.0,0.0,1.0
0.1582983708992108,0.5153548817126862,345968.94543249777,0.0,1.0,0.0,1.0,1.0,0.0,0.0
0.24323334490168774,-0.22816884303059964,334268.51813758264,1.0,0.0,0.0,0.0,0.0,0.0,1.0
-0.09661505293433592,-1.1575734989597068,218314.31017754925,0.0,0.0,0.0,1.0,1.0,0.0,0.0
-1.98456074956994,-1.2040437317561623,424792.03841910127,0.0,0.0,1.0,0.0,0.0,1.0,0.0
-0.04754936518919243,1.4447595376417934,438654.6598729219,0.0,1.0,0.0,1.0,0.0,0.0,0.0
0.04124631676701213,-1.018162800570341,610392.4300239653,1.0,0.0,0.0,1.0,0.0,0.0,0.0
2.501092191852945,1.770051167216981,421261.8191251315,0.0,1.0,0.0,0.0,0.0,0.0,1.0
-0.2173189273607979,-1.2040437317561623,260204.59521198663,0.0,1.0,0.0,1.0,0.0,0.0,1.0
0.2882708746041881,-1.6222758269242605,393541.8317207664,1.0,0.0,0.0,1.0,0.0,0.0,1.0
-0.05594114899547541,-1.4363948957384391,395784.3790079605,0.0,1.0,0.0,1.0,0.0,1.0,0.0
-1.2167270126286154,-0.7393414037916086,614231.1078797941,0.0,0.0,1.0,1.0,1.0,0.0,0.0
1.149443471321401,-1.296984197349073,373546.55086877465,0.0,0.0,0.0,1.0,0.0,1.0,0.0
0.7493087002761945,0.32947395052686473,395836.75938192813,0.0,0.0,0.0,1.0,0.0,0.0,0.0
0.7893323485559989,-1.6222758269242605,892784.7073791318,0.0,0.0,1.0,0.0,0.0,0.0,1.0
-0.9513039117547122,0.9800572096772399,224092.674331404,0.0,1.0,0.0,0.0,1.0,0.0,0.0
1.4155635901748398,1.3053488392524273,706517.5256871312,1.0,0.0,0.0,0.0,0.0,0.0,0.0
-1.4554148458204572,-0.36757954141996574,269607.003386892,0.0,1.0,0.0,1.0,0.0,0.0,0.0
0.5803285271376536,0.050652553748132545,1505372.5157246343,0.0,0.0,1.0,0.0,0.0,0.0,0.0
2.221853993608074,0.5153548817126862,625119.4410492175,0.0,1.0,0.0,1.0,0.0,1.0,0.0
-1.0343720454382874,0.050652553748132545,129988.84480511725,0.0,0.0,0.0,1.0,0.0,0.0,1.0
-0.6000997232093822,0.6082953473055969,373780.04334348446,0.0,1.0,0.0,1.0,0.0,0.0,0.0
0.08159982719942115,0.3759441833233201,732245.9710486573,0.0,0.0,1.0,1.0,0.0,0.0,1.0
-0.535791833978219,0.9335869768807845,212620.27918203143,0.0,0.0,0.0,0.0,0.0,1.0,0.0
-1.60774679634997,-0.36757954141996574,244341.59093749,0.0,1.0,0.0,1.0,0.0,0.0,0.0
0.04977616102601519,-1.3899246629419837,357234.0157166524,0.0,1.0,0.0,0.0,0.0,1.0,0.0
-1.1078368146369797,1.1659381408630614,190470.79633255972,0.0,0.0,0.0,1.0,0.0,1.0,0.0
0.46438502549096944,-0.7393414037916086,343552.2063003933,1.0,0.0,0.0,0.0,0.0,0.0,1.0
-0.9615780724761759,-1.5758055941278053,215779.6394401089,0.0,0.0,0.0,0.0,0.0,0.0,0.0
1.5661837153197764,1.7235809344205257,673747.6682781844,1.0,0.0,0.0,0.0,0.0,1.0,0.0
-0.8221865324764586,0.050652553748132545,893386.6073272661,0.0,0.0,1.0,0.0,0.0,0.0,0.0
-0.3500870447722266,-0.7393414037916086,643685.084863521,0.0,0.0,1.0,0.0,0.0,0.0,1.0
0.8123494211741468,-0.4605200070128765,309808.9484337825,0.0,0.0,0.0,0.0,0.0,1.0,0.0
-1.2803840678710978,-0.3211093086235104,115870.60068298691,0.0,0.0,0.0,1.0,0.0,0.0,1.0
0.2124312151725302,-1.6222758269242605,1295507.934927249,0.0,0.0,1.0,0.0,0.0,0.0,0.0
1.317649765099332,-0.04228791184477818,812311.2996175238,1.0,0.0,0.0,1.0,0.0,0.0,0.0
-1.665910453010438,1.5841702360311596,374879.23822708207,0.0,0.0,1.0,0.0,0.0,0.0,1.0
0.16859225355113386,1.0729976752701507,243008.3073557714,0.0,0.0,0.0,1.0,1.0,0.0,0.0
0.24562091243123443,1.5377000032347041,1008168.0874202824,0.0,0.0,1.0,0.0,0.0,1.0,0.0
0.7799054681557006,-0.13522837743768892,372754.537275582,0.0,0.0,0.0,0.0,0.0,0.0,0.0
-1.286614412486403,0.7012358128985077,208320.2499481703,0.0,0.0,0.0,1.0,0.0,0.0,0.0
-1.3720953245325527,-1.1111032661632516,568240.3592837673,0.0,0.0,1.0,0.0,0.0,1.0,0.0
0.5138776726654692,-0.7393414037916086,375998.1352448397,1.0,0.0,0.0,0.0,0.0,0.0,1.0
0.2836002931750319,0.7941762784914184,275346.74848233385,0.0,1.0,0.0,0.0,0.0,0.0,1.0
0.23600888564455366,0.32947395052686473,790674.181699751,0.0,0.0,1.0,1.0,0.0,0.0,1.0
0.33423369849309226,0.6547655801020523,316561.30527551594,0.0,1.0,0.0,0.0,1.0,0.0,0.0
-0.7165164882704326,-0.3211093086235104,736833.3548990558,0.0,0.0,1.0,1.0,1.0,0.0,0.0
0.21733835568198123,0.9800572096772399,431178.6979634705,0.0,1.0,0.0,0.0,0.0,0.0,0.0
0.2795955652495423,0.14359301934104327,352368.0605344219,1.0,0.0,0.0,0.0,0.0,0.0,1.0
-0.7516550502447765,0.9335869768807845,390762.9303344638,1.0,0.0,0.0,1.0,0.0,1.0,0.0
1.8894938002266184,0.32947395052686473,1767524.4178578109,0.0,0.0,1.0,0.0,0.0,0.0,0.0
0.46463120363693744,0.6547655801020523,272596.5603585696,0.0,0.0,0.0,0.0,0.0,1.0,0.0
-1.239887590139083,-0.5999307054022426,310880.34298394585,0.0,1.0,0.0,1.0,0.0,0.0,0.0
0.6516734440478347,0.3759441833233201,272465.5582719652,0.0,0.0,0.0,0.0,1.0,0.0,0.0
-1.018142409861507,0.0971227865445879,237288.57211640096,0.0,0.0,0.0,1.0,0.0,0.0,0.0
0.7852916460837241,-0.5999307054022426,283486.6492265737,0.0,0.0,0.0,1.0,1.0,0.0,0.0
1.1655892796855676,0.4224144161197755,780916.6147594708,1.0,0.0,0.0,1.0,0.0,0.0,0.0
-0.8605007976514107,0.747706045694963,541332.2171587702,0.0,0.0,1.0,0.0,0.0,0.0,1.0
0.9657526672543818,0.6547655801020523,1421916.3430001815,0.0,0.0,1.0,1.0,0.0,1.0,0.0
0.40213526036388125,-1.296984197349073,355687.95473109843,1.0,0.0,0.0,1.0,0.0,0.0,1.0
0.8210944141367331,-1.6222758269242605,703235.9929818327,1.0,0.0,0.0,0.0,0.0,0.0,0.0
1.921245893968879,-1.296984197349073,2205777.1415071185,0.0,0.0,1.0,1.0,0.0,0.0,0.0
-0.2716002311954848,-0.3211093086235104,285298.0081589957,0.0,0.0,0.0,0.0,0.0,0.0,0.0
-0.7919712907516757,-1.4363948957384391,214850.39422653447,0.0,1.0,0.0,0.0,1.0,0.0,0.0
-0.930960866871657,0.5153548817126862,247075.04803067175,0.0,1.0,0.0,0.0,0.0,1.0,0.0
-0.8555135351181649,-0.08875814464123355,237926.8603804292,0.0,1.0,0.0,0.0,0.0,1.0,0.0
-0.09933365913143433,1.3518190720488827,347379.92384419206,0.0,0.0,0.0,1.0,0.0,0.0,0.0
0.32881220182130827,0.8871167440843291,1427845.2807035586,0.0,0.0,1.0,1.0,0.0,0.0,0.0
0.26282644600541666,0.32947395052686473,507165.8812359591,1.0,0.0,0.0,1.0,1.0,0.0,0.0
0.8263386700778597,1.770051167216981,1054993.6251661002,0.0,0.0,1.0,1.0,0.0,0.0,1.0
-0.007099004890282946,-0.274639075827055,182867.22200737605,0.0,0.0,0.0,1.0,0.0,0.0,1.0
1.4675034097445798,-0.8787521021809748,620544.7088608126,1.0,0.0,0.0,0.0,0.0,1.0,0.0
-0.291324675572451,-0.4605200070128765,217862.7901822397,0.0,0.0,0.0,1.0,1.0,0.0,0.0
2.7640958638561393,-1.296984197349073,761376.9794155024,0.0,1.0,0.0,1.0,0.0,0.0,0.0
0.6200566878783954,0.5153548817126862,445738.3060861456,0.0,1.0,0.0,1.0,0.0,1.0,0.0
-0.8978387167024641,1.6771107016240703,153484.5496402936,0.0,0.0,0.0,0.0,1.0,0.0,0.0
-1.1166287335184892,0.46888464891623083,232480.73717081855,1.0,0.0,0.0,0.0,0.0,0.0,1.0
0.4734750318640956,1.491229770438249,485197.9098355959,1.0,0.0,0.0,1.0,1.0,0.0,0.0
-0.24915634143835988,-0.13522837743768892,642325.0668712959,0.0,0.0,1.0,0.0,0.0,0.0,1.0
0.7104790138751935,-1.6222758269242605,381450.8014223369,0.0,1.0,0.0,1.0,1.0,0.0,0.0
0.46402182786125795,-0.785811636588064,1309104.5758010126,0.0,0.0,1.0,1.0,0.0,1.0,0.0
-0.09495980585703818,-0.22816884303059964,666199.1327846585,0.0,0.0,1.0,0.0,0.0,0.0,1.0
-0.887229761755927,-1.018162800570341,182979.27451948848,0.0,0.0,0.0,0.0,0.0,1.0,0.0
-1.5710834958342932,0.7941762784914184,144059.54229130968,0.0,0.0,0.0,1.0,0.0,1.0,0.0
-0.4774839463521445,0.5618251145091415,615295.5553606105,0.0,0.0,1.0,1.0,0.0,0.0,1.0
0.8562451963366875,1.5377000032347041,292409.5523741871,0.0,1.0,0.0,0.0,0.0,0.0,1.0
0.19874889904746754,1.2124083736595166,341544.3105223468,0.0,0.0,0.0,1.0,0.0,0.0,0.0
-1.2956103281488769,1.3982893048453382,741108.8992416512,0.0,0.0,1.0,0.0,0.0,0.0,0.0
0.15686844594807292,1.3053488392524273,1372627.23184945,0.0,0.0,1.0,1.0,0.0,0.0,0.0
0.3740221689378803,1.5841702360311596,1110386.405798817,0.0,0.0,1.0,0.0,0.0,1.0,0.0
-0.9251700791000101,1.258878606455972,787932.2013192755,0.0,0.0,1.0,1.0,0.0,1.0,0.0
0.13695247370895655,1.7235809344205257,1473882.9895976067,0.0,0.0,1.0,1.0,0.0,0.0,0.0
0.03917701469227076,-0.13522837743768892,1063489.9973049248,0.0,0.0,1.0,0.0,0.0,1.0,0.0
-1.1904112554696198,0.236533484933954,177626.8374739452,0.0,0.0,0.0,1.0,0.0,1.0,0.0
0.3458410331962761,0.5618251145091415,301168.2711665471,0.0,1.0,0.0,1.0,0.0,0.0,1.0
0.5536393137456228,-1.0646330333667962,800421.0897140445,0.0,0.0,1.0,0.0,0.0,0.0,1.0
1.0882582341397609,1.7235809344205257,562496.1587195868,1.0,0.0,0.0,1.0,0.0,1.0,0.0
1.0583172662652072,-0.22816884303059964,431864.4603956734,0.0,0.0,0.0,1.0,0.0,0.0,0.0
-1.4306612263190521,1.491229770438249,138904.2969283347,0.0,0.0,0.0,1.0,1.0,0.0,0.0
-0.9804140782011278,-1.4828651285348944,788929.8794994707,0.0,0.0,1.0,0.0,0.0,0.0,0.0
0.5068080324220612,-0.785811636588064,249020.18160169493,0.0,0.0,0.0,0.0,1.0,0.0,0.0
0.5055291683701406,1.5841702360311596,1365237.735906806,0.0,0.0,1.0,0.0,0.0,0.0,0.0
0.5068207452452688,-1.0646330333667962,313971.5350667788,0.0,1.0,0.0,1.0,0.0,0.0,1.0
3.9234445787666217,-0.5999307054022426,816774.8694113162,0.0,1.0,0.0,1.0,0.0,1.0,0.0
0.563984316127445,-1.6222758269242605,337920.42382671207,0.0,0.0,0.0,1.0,0.0,1.0,0.0
1.1420146565359197,0.8406465112878737,260180.51485641015,0.0,0.0,0.0,1.0,0.0,0.0,1.0
0.9561565870601789,1.6306404688276148,516451.208403316,1.0,0.0,0.0,0.0,1.0,0.0,0.0
0.6463889910804425,-0.9716925677738855,291626.865491807,0.0,0.0,0.0,1.0,1.0,0.0,0.0
-0.34313412823662776,1.3518190720488827,359188.78381453484,1.0,0.0,0.0,1.0,1.0,0.0,0.0
0.7565113019502873,1.6306404688276148,318488.6974822043,0.0,1.0,0.0,1.0,0.0,0.0,1.0
-0.8115118187428471,-0.9716925677738855,231077.99369818668,0.0,1.0,0.0,0.0,1.0,0.0,0.0
-0.26282804326356446,-0.6928711709951533,700180.5516684155,0.0,0.0,1.0,1.0,0.0,0.0,1.0
-0.5172513557174752,-0.785811636588064,386367.46085649595,0.0,1.0,0.0,1.0,0.0,0.0,0.0
0.0634021498322965,1.119467908066606,646685.8091117494,1.0,0.0,0.0,1.0,0.0,0.0,0.0
2.3489944756977454,-0.13522837743768892,319517.9914907642,0.0,0.0,0.0,1.0,0.0,0.0,1.0
-1.931836550674182,0.6082953473055969,459003.24349952646,0.0,0.0,1.0,1.0,0.0,1.0,0.0
0.6820826203321282,-0.04228791184477818,621726.7564390671,1.0,0.0,0.0,0.0,0.0,0.0,0.0
-1.6712668474638428,0.3759441833233201,132216.8817452739,0.0,0.0,0.0,1.0,1.0,0.0,0.0
-0.5035019990764338,-1.1575734989597068,652651.6867172173,0.0,0.0,1.0,1.0,0.0,0.0,1.0
1.094297114378256,1.6771107016240703,404412.10656730225,0.0,1.0,0.0,1.0,1.0,0.0,0.0
0.04539190852745124,1.770051167216981,390878.299492993,1.0,0.0,0.0,1.0,1.0,0.0,0.0
-1.1236430776217639,1.3982893048453382,179794.7071199188,0.0,0.0,0.0,1.0,0.0,1.0,0.0
-0.7526298642523029,0.46888464891623083,725799.0085512365,0.0,0.0,1.0,1.0,1.0,0.0,0.0
0.6752626045525832,-1.2505139645526178,1383312.9651591463,0.0,0.0,1.0,1.0,0.0,1.0,0.0
-0.7680490420074253,-1.5293353613313498,371191.7464124771,0.0,1.0,0.0,1.0,0.0,0.0,0.0
0.20116967579168377,-0.4605200070128765,203049.5312050901,0.0,0.0,0.0,1.0,0.0,0.0,1.0
0.026241259558037973,1.6771107016240703,324054.0188866935,0.0,1.0,0.0,1.0,1.0,0.0,0.0
-0.6874198454304399,0.5618251145091415,199493.22974772993,0.0,1.0,0.0,0.0,0.0,0.0,1.0
2.1742424062311887,1.3982893048453382,318296.3343731942,0.0,0.0,0.0,0.0,1.0,0.0,0.0
0.6285035239470254,1.5841702360311596,228719.4648022122,0.0,0.0,0.0,0.0,0.0,0.0,1.0
-2.093447925195897,-0.36757954141996574,84061.85875920825,0.0,0.0,0.0,0.0,1.0,0.0,0.0
0.1704557656548082,-0.4605200070128765,461154.6889694567,1.0,0.0,0.0,1.0,1.0,0.0,0.0
-0.6978468758829163,-0.5069902398093318,159153.22877476114,0.0,0.0,0.0,0.0,1.0,0.0,0.0
0.8521859491683345,-1.1111032661632516,1132974.3518893607,0.0,0.0,1.0,0.0,1.0,0.0,0.0
-0.8316731642442124,-1.4363948957384391,240509.61441675265,0.0,1.0,0.0,1.0,1.0,0.0,0.0
-0.13785849552613297,0.5618251145091415,350650.54159443866,1.0,0.0,0.0,0.0,1.0,0.0,0.0
0.4965223978108107,0.050652553748132545,242601.8420793004,0.0,0.0,0.0,0.0,1.0,0.0,0.0
0.8658228857122859,0.3759441833233201,526927.4288290351,1.0,0.0,0.0,1.0,1.0,0.0,0.0
-1.2490931925681905,-0.9716925677738855,138859.142876275,0.0,0.0,0.0,1.0,1.0,0.0,0.0
-0.36282097796650353,0.32947395052686473,296602.8464150316,1.0,0.0,0.0,1.0,0.0,0.0,1.0
-0.5065867158683437,0.5618251145091415,284241.5967136091,0.0,1.0,0.0,0.0,0.0,1.0,0.0
-0.6891896204999147,1.5841702360311596,227462.53747571987,0.0,1.0,0.0,0.0,1.0,0.0,0.0
1.7868008405245885,0.46888464891623083,1648385.1751307773,0.0,0.0,1.0,1.0,0.0,1.0,0.0
0.39415158403417505,0.32947395052686473,974380.957979997,0.0,0.0,1.0,1.0,1.0,0.0,0.0
-1.3111137044510852,-0.6928711709951533,125335.80994479044,0.0,0.0,0.0,0.0,1.0,0.0,0.0
0.9191620227393354,-0.5999307054022426,359563.6352089596,0.0,1.0,0.0,1.0,0.0,0.0,1.0
2.1519392054124795,0.5153548817126862,918421.7503012024,1.0,0.0,0.0,0.0,0.0,0.0,0.0
1.0364758353245964,-0.9716925677738855,733393.6542153958,1.0,0.0,0.0,1.0,0.0,0.0,0.0
-1.5757132050923945,-0.5069902398093318,195578.29225999993,1.0,0.0,0.0,1.0,0.0,0.0,1.0
-0.5160951673833922,0.004182320951677179,768932.7959571311,0.0,0.0,1.0,0.0,0.0,1.0,0.0
1.276466636651977,0.7012358128985077,917553.37923717,1.0,0.0,0.0,1.0,0.0,0.0,0.0
-0.7448150620408391,-0.9716925677738855,643502.0082376197,0.0,0.0,1.0,1.0,0.0,0.0,1.0
0.43390785753194516,1.491229770438249,847841.4018596886,0.0,0.0,1.0,1.0,0.0,0.0,1.0
0.7725466260537195,-0.6928711709951533,373484.59300111746,0.0,0.0,0.0,0.0,0.0,0.0,0.0
-0.9692618408957965,-1.0646330333667962,329148.69783524063,1.0,0.0,0.0,1.0,0.0,1.0,0.0
-0.08134160497350815,-0.785811636588064,339178.2948661062,1.0,0.0,0.0,1.0,0.0,0.0,1.0
-2.7501447814652216,-0.08875814464123355,62949.814532013144,0.0,1.0,0.0,1.0,1.0,0.0,0.0
-1.0690239838833258,1.491229770438249,182168.4675415905,0.0,0.0,0.0,1.0,0.0,1.0,0.0
-0.2789500826128145,0.747706045694963,346256.7122451017,0.0,1.0,0.0,1.0,0.0,1.0,0.0
-1.2977030838706607,-0.4140497742164211,197537.99576245612,0.0,0.0,0.0,1.0,0.0,0.0,0.0
1.650611286972214,-0.3211093086235104,756325.4949917368,1.0,0.0,0.0,0.0,0.0,0.0,0.0
-1.4843742592124884,-0.36757954141996574,462578.61465604656,0.0,0.0,1.0,0.0,1.0,0.0,0.0
-0.47086044709543257,-0.04228791184477818,618737.92941619,0.0,0.0,1.0,1.0,0.0,0.0,1.0
0.1134243347289338,-1.296984197349073,1296331.7128186135,0.0,0.0,1.0,0.0,0.0,0.0,0.0
1.4549526400294939,-0.9252223349774301,1635374.8775629697,0.0,0.0,1.0,0.0,0.0,0.0,0.0
-1.4902303352434414,0.004182320951677179,585892.1869506441,0.0,0.0,1.0,1.0,0.0,1.0,0.0
1.1702654953388463,-0.274639075827055,587583.1166831194,0.0,1.0,0.0,0.0,0.0,0.0,0.0
-0.009933321756728229,-0.8322818693845194,302999.0962906409,0.0,0.0,0.0,0.0,0.0,0.0,0.0
-1.025130856565885,-1.5758055941278053,391764.980865453,1.0,0.0,0.0,0.0,0.0,0.0,0.0
0.45262434219574116,0.6082953473055969,498498.2799896927,0.0,1.0,0.0,0.0,0.0,0.0,0.0
0.18335927809346078,-1.4828651285348944,286700.02456792863,0.0,0.0,0.0,0.0,0.0,1.0,0.0
-0.6348210972957,-1.3434544301455285,688639.6896801682,0.0,0.0,1.0,0.0,1.0,0.0,0.0
0.051044577579275364,1.770051167216981,201099.08956950065,0.0,0.0,0.0,0.0,1.0,0.0,0.0
-0.4148351092856548,0.14359301934104327,155591.40084649812,0.0,0.0,0.0,0.0,0.0,0.0,1.0
0.09579375361042151,-1.0646330333667962,1315339.758106015,0.0,0.0,1.0,1.0,0.0,0.0,0.0
0.6573824139048826,-0.22816884303059964,1253075.2954337357,0.0,0.0,1.0,1.0,0.0,1.0,0.0
1.6031195166289283,1.6306404688276148,1038084.2844785958,0.0,0.0,1.0,0.0,0.0,0.0,1.0
-1.2874996536565972,1.258878606455972,206160.3509345603,1.0,0.0,0.0,0.0,0.0,0.0,1.0
2.163073640714668,0.9335869768807845,1468372.53267059,0.0,0.0,1.0,1.0,1.0,0.0,0.0
-2.018665309013554,0.2830037177304094,196594.64931154583,1.0,0.0,0.0,0.0,0.0,1.0,0.0
-0.1757833920120496,1.1659381408630614,906571.539759986,0.0,0.0,1.0,0.0,0.0,1.0,0.0
0.5818231731524516,0.2830037177304094,573470.2031234554,1.0,0.0,0.0,1.0,0.0,1.0,0.0
0.2672292395843137,0.9335869768807845,257444.72243429444,0.0,0.0,0.0,1.0,1.0,0.0,0.0
-0.6578354801017543,0.004182320951677179,259167.2680066612,0.0,1.0,0.0,1.0,1.0,0.0,0.0
-0.23345298531927045,1.491229770438249,181269.28133419369,0.0,0.0,0.0,0.0,1.0,0.0,0.0
-0.5250693754574751,-1.3434544301455285,186443.51895985848,0.0,0.0,0.0,0.0,1.0,0.0,0.0
-0.6237123120593412,0.8406465112878737,744738.5390008894,0.0,0.0,1.0,1.0,1.0,0.0,0.0
0.8492877493902408,-1.6222758269242605,768095.5209412302,1.0,0.0,0.0,1.0,0.0,0.0,0.0
0.3450509031034216,0.3759441833233201,433851.17989458295,0.0,1.0,0.0,0.0,0.0,0.0,0.0
-0.7297061039125835,0.4224144161197755,822142.2996091743,0.0,0.0,1.0,1.0,0.0,1.0,0.0
0.900468032292942,0.5153548817126862,926225.2563103096,0.0,0.0,1.0,0.0,0.0,0.0,1.0
0.2941590987310719,-1.0646330333667962,1107632.0517520225,0.0,0.0,1.0,0.0,0.0,1.0,0.0
0.8116788288159343,-0.6464009381986979,232196.22481688764,0.0,0.0,0.0,1.0,0.0,0.0,1.0
0.624111875892614,-0.6928711709951533,506535.3690030717,1.0,0.0,0.0,1.0,1.0,0.0,0.0
-0.8690100948831109,-1.2505139645526178,223171.0192581618,1.0,0.0,0.0,0.0,0.0,0.0,1.0
-0.5938383671220011,-0.4605200070128765,319355.0271901765,0.0,1.0,0.0,1.0,0.0,1.0,0.0
0.7445595449587431,-1.2505139645526178,606214.7787997203,1.0,0.0,0.0,1.0,0.0,1.0,0.0
0.6043978121007716,-0.9716925677738855,400019.6099968297,1.0,0.0,0.0,1.0,0.0,0.0,1.0
-0.04180434684523304,-1.2040437317561623,1252828.9652977705,0.0,0.0,1.0,1.0,0.0,0.0,0.0
0.09969390341401682,0.2830037177304094,881601.7076800754,0.0,0.0,1.0,0.0,1.0,0.0,0.0
1.2874747216274012,1.6771107016240703,293015.8991316649,0.0,0.0,0.0,0.0,1.0,0.0,0.0
-0.6259711333122373,-0.5534604726057872,800880.3769309858,0.0,0.0,1.0,0.0,0.0,1.0,0.0
0.539628451950956,0.6082953473055969,1323266.077132514,0.0,0.0,1.0,0.0,0.0,0.0,0.0
-0.22738314564128087,-0.4605200070128765,721857.0488225761,0.0,0.0,1.0,1.0,0.0,0.0,1.0
-0.24323801832821287,0.050652553748132545,851959.2699399925,0.0,0.0,1.0,1.0,1.0,0.0,0.0
1.104355771537826,1.491229770438249,377855.9198885152,0.0,0.0,0.0,0.0,0.0,0.0,0.0
0.8245299808282784,0.6547655801020523,1061724.4837006892,0.0,0.0,1.0,0.0,1.0,0.0,0.0
0.8123416604970907,-0.5534604726057872,617334.6320973278,0.0,1.0,0.0,1.0,0.0,0.0,0.0
1.315946463723637,-0.785811636588064,570471.5955798358,0.0,1.0,0.0,0.0,0.0,0.0,0.0
0.0010922001038650155,1.119467908066606,377775.4862945645,0.0,1.0,0.0,0.0,0.0,1.0,0.0
0.6776735306082265,0.14359301934104327,434013.3675261179,0.0,1.0,0.0,1.0,1.0,0.0,0.0
-0.33801332564123554,1.770051167216981,604547.0370156487,0.0,0.0,1.0,0.0,0.0,0.0,1.0
0.3114248501500338,-0.8322818693845194,419495.8283472118,0.0,1.0,0.0,1.0,0.0,1.0,0.0
-0.1536294923959018,-0.785811636588064,1164836.6022168535,0.0,0.0,1.0,1.0,0.0,1.0,0.0
0.0788816238633145,0.004182320951677179,177645.27350444708,0.0,0.0,0.0,0.0,0.0,0.0,1.0
0.5888247616249963,1.770051167216981,454520.69352697465,0.0,1.0,0.0,1.0,0.0,1.0,0.0
-0.8579809420547098,0.8871167440843291,372326.4093005159,1.0,0.0,0.0,0.0,0.0,0.0,0.0
2.121466215139367,1.5377000032347041,731628.786233541,0.0,1.0,0.0,1.0,0.0,0.0,0.0
-1.0502192464492233,0.5153548817126862,212260.03937229273,0.0,1.0,0.0,0.0,1.0,0.0,0.0
-1.2633139648121463,0.6082953473055969,604779.7048390261,0.0,0.0,1.0,0.0,1.0,0.0,0.0
1.165093110340093,-0.13522837743768892,325430.25564865663,0.0,1.0,0.0,0.0,0.0,0.0,1.0
0.7899780133600183,-0.6928711709951533,475078.3724372986,1.0,0.0,0.0,1.0,1.0,0.0,0.0
0.618472556298961,-0.6464009381986979,1453787.3104614906,0.0,0.0,1.0,1.0,0.0,0.0,0.0
0.6227981909520283,0.5618251145091415,829520.4819717271,0.0,0.0,1.0,0.0,0.0,0.0,1.0
-0.03294482933627189,0.050652553748132545,201532.62258004537,0.0,0.0,0.0,1.0,0.0,0.0,1.0
-0.9388838671856902,-0.9716925677738855,157617.82364843335,0.0,0.0,0.0,0.0,1.0,0.0,0.0
0.05718901612109928,-0.04228791184477818,436981.3205645546,0.0,1.0,0.0,0.0,0.0,0.0,0.0
-0.7135857647502305,1.6306404688276148,163270.56963753028,0.0,0.0,0.0,1.0,0.0,0.0,1.0
0.9777740210621041,-0.18169861023414427,371309.8560659079,0.0,0.0,0.0,0.0,0.0,0.0,0.0
-0.17094386266077244,-1.1575734989597068,311514.44960912154,0.0,0.0,0.0,1.0,0.0,0.0,0.0
-0.8654295534595298,-1.2040437317561623,875531.8881227758,0.0,0.0,1.0,0.0,0.0,0.0,0.0
-0.34939538974565115,1.7235809344205257,833292.0543104016,0.0,0.0,1.0,1.0,1.0,0.0,0.0
0.4022893478462788,0.9800572096772399,1066478.4466692386,0.0,0.0,1.0,0.0,0.0,1.0,0.0
-0.5974656878441451,-0.5069902398093318,201691.1087446247,0.0,0.0,0.0,0.0,0.0,1.0,0.0
-0.8620752521466999,-1.5758055941278053,576456.6389630241,0.0,0.0,1.0,1.0,0.0,0.0,1.0
0.22904228566869655,1.3053488392524273,315304.68225306936,0.0,0.0,0.0,0.0,0.0,0.0,0.0
0.23035190359977323,-0.04228791184477818,903432.0047597248,0.0,0.0,1.0,0.0,1.0,0.0,0.0
-0.5393413660661305,-1.3434544301455285,1137338.7030449067,0.0,0.0,1.0,1.0,0.0,0.0,0.0
-0.5025873051880181,-0.8322818693845194,488778.6307125433,1.0,0.0,0.0,0.0,0.0,0.0,0.0
0.21712977672684103,1.4447595376417934,372580.2769182709,0.0,1.0,0.0,1.0,1.0,0.0,0.0
-1.502741594303845,0.2830037177304094,145063.86816444233,0.0,0.0,0.0,0.0,0.0,1.0,0.0
-1.4611603044359582,0.14359301934104327,319342.9918358486,1.0,0.0,0.0,1.0,0.0,0.0,0.0
-0.7558446529356839,0.236533484933954,922393.063518918,0.0,0.0,1.0,0.0,0.0,0.0,0.0
-0.23890382666483964,-0.5534604726057872,228267.4171737303,0.0,0.0,0.0,0.0,0.0,1.0,0.0
0.2978524778257204,1.119467908066606,898131.0191797573,0.0,0.0,1.0,0.0,1.0,0.0,0.0
1.4898416680347886,0.46888464891623083,394301.9466071367,0.0,1.0,0.0,1.0,0.0,0.0,1.0
0.8575358452564035,-0.785811636588064,569915.4709517997,1.0,0.0,0.0,1.0,0.0,1.0,0.0
-0.18412966497632585,1.491229770438249,278002.4792674568,0.0,1.0,0.0,1.0,0.0,0.0,1.0
-0.03987436925281457,0.2830037177304094,363765.9052140306,1.0,0.0,0.0,1.0,0.0,0.0,1.0
-1.046648734009866,-0.18169861023414427,713758.7198136997,0.0,0.0,1.0,0.0,0.0,1.0,0.0
-0.03935939911799782,0.14359301934104327,414217.000726635,0.0,1.0,0.0,0.0,0.0,0.0,0.0
-0.3158941513371854,0.004182320951677179,259692.86773003248,0.0,1.0,0.0,1.0,0.0,0.0,1.0
0.3099428160638704,0.004182320951677179,872106.5079568531,0.0,0.0,1.0,1.0,0.0,0.0,1.0
-0.8672043053078459,-1.5293353613313498,256098.0249878183,0.0,1.0,0.0,1.0,1.0,0.0,0.0
0.5112212453646077,1.7235809344205257,345597.75114143995,0.0,0.0,0.0,0.0,0.0,0.0,0.0
1.5485815303042576,-1.296984197349073,548272.1851195731,1.0,0.0,0.0,1.0,0.0,0.0,1.0
-0.13174085636941915,1.5841702360311596,430521.79953506927,1.0,0.0,0.0,1.0,1.0,0.0,0.0
0.3908042562055924,0.236533484933954,618400.7685466271,1.0,0.0,0.0,0.0,0.0,0.0,0.0
0.6860582780004776,1.491229770438249,320338.9894755682,0.0,0.0,0.0,0.0,0.0,1.0,0.0
-0.431118200048565,-1.0646330333667962,422954.67838998185,1.0,0.0,0.0,1.0,0.0,1.0,0.0
0.20898411827908966,0.6082953473055969,853148.5643079935,0.0,0.0,1.0,0.0,1.0,0.0,0.0
-0.007518180917913138,1.119467908066606,391829.3892194797,0.0,1.0,0.0,1.0,0.0,1.0,0.0
0.0795778433538394,-1.5758055941278053,177066.10910086837,0.0,0.0,0.0,0.0,0.0,0.0,1.0
-0.8117007533356426,1.119467908066606,450759.0200503179,1.0,0.0,0.0,1.0,0.0,0.0,0.0
0.004681461496230395,-1.4363948957384391,819975.294552901,0.0,0.0,1.0,1.0,0.0,0.0,1.0
0.48936811254373275,0.3759441833233201,311148.3663722851,0.0,1.0,0.0,1.0,0.0,0.0,1.0
1.4650564030551474,-0.4140497742164211,557214.8024761581,0.0,1.0,0.0,1.0,0.0,1.0,0.0
0.9615502689927524,-0.18169861023414427,220196.0727426218,0.0,0.0,0.0,0.0,0.0,0.0,1.0
2.183699272362964,-0.6928711709951533,426798.3427545738,0.0,0.0,0.0,0.0,0.0,1.0,0.0
-0.8059046143836138,-1.296984197349073,234882.15701158592,0.0,0.0,0.0,0.0,0.0,0.0,0.0
0.8725436084681746,1.6771107016240703,1579985.1514772703,0.0,0.0,1.0,0.0,0.0,0.0,0.0
0.16726984696502573,0.6547655801020523,791215.7651800278,0.0,0.0,1.0,1.0,0.0,0.0,1.0
2.221185864091452,1.4447595376417934,412165.86479153106,0.0,0.0,0.0,1.0,1.0,0.0,0.0
-0.8478238681483729,0.3759441833233201,370527.17125131114,1.0,0.0,0.0,0.0,0.0,1.0,0.0
-0.8799906279368702,1.0265274424736952,271966.9322128252,0.0,1.0,0.0,0.0,0.0,1.0,0.0
-0.6339773715606959,-1.5293353613313498,190395.5036845765,0.0,1.0,0.0,0.0,0.0,0.0,1.0
-2.194536687198432,1.5841702360311596,348038.10604661325,0.0,0.0,1.0,0.0,0.0,1.0,0.0
-0.558598133999116,-1.5758055941278053,285681.25297202484,0.0,1.0,0.0,0.0,0.0,1.0,0.0
-0.7974954212622034,0.3759441833233201,314351.01447014563,1.0,0.0,0.0,1.0,1.0,0.0,0.0
0.1335423647342462,-1.5758055941278053,337398.55415645783,0.0,1.0,0.0,1.0,1.0,0.0,0.0
0.3294304880935063,-0.04228791184477818,874202.3957498757,0.0,0.0,1.0,1.0,0.0,0.0,1.0
1.9001360133154226,-0.274639075827055,1345742.3200344755,0.0,0.0,1.0,0.0,1.0,0.0,0.0
0.952494039738276,-1.296984197349073,406540.8170678897,1.0,0.0,0.0,0.0,0.0,0.0,1.0
-0.6109564915181981,-0.6464009381986979,438014.60583504074,1.0,0.0,0.0,0.0,0.0,0.0,0.0
-0.9400716094634859,0.3759441833233201,177224.73036128966,0.0,1.0,0.0,0.0,0.0,0.0,1.0
0.48314521468868643,1.0265274424736952,550129.7293012321,0.0,1.0,0.0,1.0,0.0,0.0,0.0
-1.3718666346606807,0.004182320951677179,416895.0242472808,0.0,0.0,1.0,1.0,0.0,0.0,1.0
1.8543664484171152,1.5377000032347041,696550.007877372,1.0,0.0,0.0,0.0,0.0,1.0,0.0
1.1869268185877515,-0.22816884303059964,575740.4539430637,1.0,0.0,0.0,1.0,1.0,0.0,0.0
-0.5006805977941279,0.5153548817126862,528469.2574095322,1.0,0.0,0.0,1.0,0.0,0.0,0.0
-1.7740605211691052,0.8871167440843291,112405.91727495872,0.0,1.0,0.0,0.0,0.0,0.0,1.0
1.3654845937956819,1.2124083736595166,508749.0548712236,1.0,0.0,0.0,0.0,1.0,0.0,0.0
-0.13765724958713313,-0.274639075827055,694061.766656986,0.0,0.0,1.0,0.0,0.0,0.0,1.0
1.2466836733510809,0.8871167440843291,1053878.5124458787,0.0,0.0,1.0,0.0,1.0,0.0,0.0
-1.652546097984572,-0.9252223349774301,162860.41799185556,0.0,1.0,0.0,0.0,1.0,0.0,0.0
-0.6339593322784506,-1.1111032661632516,142928.9988056588,0.0,0.0,0.0,0.0,0.0,0.0,1.0
-0.015040687144130736,-0.8787521021809748,494663.53967675817,0.0,1.0,0.0,1.0,0.0,0.0,0.0
0.02768333205470327,-0.9252223349774301,312779.23459773406,0.0,0.0,0.0,1.0,0.0,0.0,0.0
-0.4811184395984416,-1.1111032661632516,377667.4346481208,1.0,0.0,0.0,0.0,0.0,1.0,0.0
0.6171726373725186,-1.296984197349073,338882.5470965731,0.0,1.0,0.0,1.0,1.0,0.0,0.0
-1.1132792766833695,-1.5293353613313498,649215.0268891624,0.0,0.0,1.0,0.0,0.0,1.0,0.0
-0.16615532859221327,-0.9252223349774301,423896.0202841393,1.0,0.0,0.0,0.0,0.0,1.0,0.0
0.10273235427766256,-0.274639075827055,652667.7765249993,0.0,0.0,1.0,0.0,0.0,0.0,1.0
0.5061974929478211,-0.5999307054022426,354655.77990377654,1.0,0.0,0.0,0.0,0.0,0.0,1.0
0.7080369753323112,-1.4363948957384391,292110.4603628153,0.0,1.0,0.0,1.0,0.0,0.0,1.0
-1.1716495664986801,1.3518190720488827,138571.9656225258,0.0,0.0,0.0,0.0,1.0,0.0,0.0
-1.5908061271353784,-0.274639075827055,195924.1135736112,1.0,0.0,0.0,1.0,0.0,0.0,1.0
1.2874869298035925,-0.6928711709951533,239767.9472806728,0.0,0.0,0.0,0.0,0.0,0.0,1.0
0.3197652110819499,1.5841702360311596,455277.7542351652,1.0,0.0,0.0,0.0,1.0,0.0,0.0
-0.7865975032651481,-0.6464009381986979,682708.561104331,0.0,0.0,1.0,0.0,1.0,0.0,0.0
1.5674300827560497,1.6771107016240703,2064428.0011848083,0.0,0.0,1.0,1.0,0.0,0.0,0.0
0.0980020649986236,-0.18169861023414427,312017.83703052794,1.0,0.0,0.0,0.0,0.0,0.0,1.0
1.186780501315299,-0.13522837743768892,226153.20451160125,0.0,0.0,0.0,0.0,0.0,0.0,1.0
0.04870696416985989,-0.9252223349774301,252181.4453510047,0.0,1.0,0.0,0.0,0.0,0.0,1.0
2.0890785575992954,0.0971227865445879,686394.2445592111,0.0,1.0,0.0,1.0,0.0,0.0,0.0
1.776448249291767,-1.018162800570341,1200771.001274857,0.0,0.0,1.0,1.0,0.0,0.0,1.0
-0.27526084091882713,0.004182320951677179,418037.5755785796,0.0,1.0,0.0,1.0,0.0,0.0,0.0
0.9741413058454551,-0.5999307054022426,1374581.0219580808,0.0,0.0,1.0,0.0,0.0,1.0,0.0
0.6402314206126177,1.3982893048453382,569570.7463707722,0.0,1.0,0.0,1.0,0.0,0.0,0.0
1.3805928486846213,-1.5758055941278053,665722.6684778898,1.0,0.0,0.0,0.0,0.0,1.0,0.0
-1.008153407425225,1.7235809344205257,526397.1758563805,0.0,0.0,1.0,1.0,0.0,0.0,1.0
0.6818689532445672,1.3518190720488827,1395335.302855933,0.0,0.0,1.0,1.0,0.0,1.0,0.0
1.0630490269359374,1.4447595376417934,762343.195669595,1.0,0.0,0.0,0.0,0.0,0.0,0.0
-1.820744087762511,0.747706045694963,439745.4617733531,0.0,0.0,1.0,1.0,1.0,0.0,0.0
-1.2316523325412303,1.2124083736595166,216786.17452591256,0.0,1.0,0.0,0.0,0.0,1.0,0.0
-2.1078707511995556,-0.5999307054022426,128470.60900257395,0.0,1.0,0.0,0.0,0.0,1.0,0.0
-0.2961870197257782,-0.4605200070128765,749610.2780748801,0.0,0.0,1.0,1.0,0.0,0.0,1.0
0.7141045422833455,1.491229770438249,578439.8420065244,0.0,1.0,0.0,0.0,0.0,0.0,0.0
1.5174811037315534,0.8871167440843291,343924.86755664664,0.0,0.0,0.0,0.0,0.0,1.0,0.0
0.0554388001524988,-1.3899246629419837,1061344.4205894964,0.0,0.0,1.0,1.0,0.0,1.0,0.0
1.6467257545969367,-0.04228791184477818,768495.2276589366,1.0,0.0,0.0,1.0,0.0,1.0,0.0
-1.4331508382856646,-0.6464009381986979,138420.15441411684,0.0,0.0,0.0,0.0,0.0,1.0,0.0
-1.764077783387204,0.32947395052686473,478908.7192746067,0.0,0.0,1.0,1.0,1.0,0.0,0.0
-0.07726987167917121,-0.9716925677738855,539672.4809887814,1.0,0.0,0.0,0.0,0.0,0.0,0.0
0.3727406285571372,1.119467908066606,272376.8754092073,0.0,1.0,0.0,0.0,0.0,0.0,1.0
-0.05387642252246323,-1.1111032661632516,348192.4093733685,1.0,0.0,0.0,1.0,0.0,0.0,1.0
-2.1367478703194944,0.6082953473055969,89219.53847844164,0.0,0.0,0.0,1.0,1.0,0.0,0.0
-0.11163623644591567,0.2830037177304094,443451.53688185953,0.0,1.0,0.0,1.0,0.0,0.0,0.0
-1.355730098504587,0.0971227865445879,608872.3878894368,0.0,0.0,1.0,1.0,0.0,1.0,0.0
0.6651026621440814,0.4224144161197755,359173.1978805071,0.0,1.0,0.0,0.0,1.0,0.0,0.0
0.354860306443118,-0.04228791184477818,1434150.484396452,0.0,0.0,1.0,0.0,0.0,0.0,0.0
-0.9825174217097997,-0.274639075827055,724030.2900902721,0.0,0.0,1.0,1.0,0.0,1.0,0.0
-0.5464288624268927,-0.274639075827055,336699.4630337188,1.0,0.0,0.0,1.0,1.0,0.0,0.0
-1.1046735362379847,-1.3899246629419837,372041.3672731448,1.0,0.0,0.0,0.0,0.0,0.0,0.0
-0.08456993576191102,1.4447595376417934,309392.6775424072,1.0,0.0,0.0,0.0,0.0,0.0,1.0
0.9573241195424557,-1.3434544301455285,227344.82093607888,0.0,0.0,0.0,0.0,0.0,0.0,1.0
-1.0294479980626907,0.747706045694963,202565.14844332213,0.0,0.0,0.0,0.0,0.0,0.0,0.0
0.4955593842192047,-1.018162800570341,419595.61046008335,1.0,0.0,0.0,1.0,0.0,0.0,1.0
-0.5632072222385363,1.7235809344205257,252748.1292082549,0.0,0.0,0.0,0.0,0.0,0.0,0.0
-0.8320335854945505,-0.9716925677738855,272939.7917780895,0.0,1.0,0.0,0.0,0.0,1.0,0.0
-0.12997015639591952,-0.6928711709951533,450705.37058148545,0.0,1.0,0.0,1.0,0.0,0.0,0.0
-1.0801353905576947,-0.04228791184477818,171851.66410299504,0.0,0.0,0.0,0.0,0.0,1.0,0.0
-0.5871521492924541,1.3982893048453382,182364.2670114832,0.0,0.0,0.0,0.0,1.0,0.0,0.0
-1.2466174774753902,-1.5758055941278053,293870.9795804839,0.0,1.0,0.0,1.0,0.0,0.0,0.0
1.9907847170732769,-0.04228791184477818,1395908.6232687102,0.0,0.0,1.0,1.0,1.0,0.0,0.0
0.01568916885799221,-0.7393414037916086,284925.5733779733,0.0,1.0,0.0,1.0,0.0,0.0,1.0
-0.7366832207553407,-1.2040437317561623,284457.66469850024,0.0,1.0,0.0,0.0,0.0,1.0,0.0
0.1986323733618236,-0.5069902398093318,282942.7571903875,0.0,0.0,0.0,0.0,0.0,0.0,0.0
-0.1353931425373771,1.3982893048453382,305471.57399926166,0.0,1.0,0.0,1.0,1.0,0.0,0.0
-0.24660418895783087,-0.5069902398093318,267259.0286915815,0.0,0.0,0.0,1.0,0.0,1.0,0.0
0.6082840367197407,0.8406465112878737,268064.1643837037,0.0,0.0,0.0,0.0,0.0,1.0,0.0
0.7550152251151762,-0.13522837743768892,443611.8961854987,1.0,0.0,0.0,1.0,0.0,0.0,1.0
-0.5634565112208904,0.004182320951677179,223517.9697440267,0.0,1.0,0.0,1.0,0.0,0.0,1.0
-0.6098454051972044,-1.018162800570341,967381.6635527802,0.0,0.0,1.0,1.0,0.0,1.0,0.0
-0.30196538987482013,1.3518190720488827,412344.375927457,1.0,0.0,0.0,0.0,0.0,1.0,0.0
-2.376772632358775,0.8406465112878737,88261.21174196819,0.0,0.0,0.0,0.0,0.0,0.0,0.0
-1.5714354654963612,0.747706045694963,137293.49377070254,0.0,0.0,0.0,0.0,0.0,1.0,0.0
1.3787939966817295,-1.5293353613313498,1685190.5735882954,0.0,0.0,1.0,0.0,0.0,0.0,0.0
1.6634646699509201,0.236533484933954,356604.0219217998,0.0,0.0,0.0,0.0,0.0,1.0,0.0
-0.27533443230211496,-1.3899246629419837,249157.44931188264,0.0,1.0,0.0,0.0,0.0,0.0,1.0
0.5697847865519798,-0.5069902398093318,659772.415665472,1.0,0.0,0.0,1.0,0.0,0.0,0.0
0.2982031693905955,-1.0646330333667962,203946.0477026041,0.0,0.0,0.0,0.0,1.0,0.0,0.0
3.1312914452239244,-1.296984197349073,360734.04352992045,0.0,0.0,0.0,0.0,0.0,0.0,1.0
1.12564572881489,-0.6928711709951533,1708440.2749138838,0.0,0.0,1.0,1.0,0.0,0.0,0.0
-0.1513513947731875,1.491229770438249,397475.5411124034,0.0,1.0,0.0,0.0,0.0,0.0,0.0
-0.9985484683200858,-0.5069902398093318,146784.677472728,0.0,0.0,0.0,0.0,1.0,0.0,0.0
-1.6648490145007235,1.491229770438249,663920.6875862961,0.0,0.0,1.0,1.0,0.0,0.0,0.0
0.1878673765986083,0.4224144161197755,279020.7585958962,0.0,0.0,0.0,1.0,0.0,1.0,0.0
-0.7946477094997855,1.119467908066606,686150.1656856124,0.0,0.0,1.0,1.0,1.0,0.0,0.0
-1.47630003849551,-1.1111032661632516,400414.072361592,0.0,0.0,1.0,0.0,0.0,0.0,1.0
-0.6822734768239254,-0.18169861023414427,211236.2778636032,0.0,1.0,0.0,1.0,0.0,0.0,1.0
-1.1275362539325355,-1.0646330333667962,171838.01433532624,0.0,0.0,0.0,0.0,0.0,1.0,0.0
1.7066360528739402,-0.22816884303059964,376333.5664938587,0.0,1.0,0.0,0.0,0.0,0.0,1.0
0.8820831365204099,-0.7393414037916086,1443873.4511545964,0.0,0.0,1.0,0.0,0.0,0.0,0.0
-0.028569609719904424,-0.8322818693845194,538192.9412926575,1.0,0.0,0.0,0.0,0.0,0.0,0.0
1.4945380995624638,1.119467908066606,387991.5436451321,0.0,0.0,0.0,1.0,0.0,1.0,0.0
0.058789750033299504,1.258878606455972,336524.0575062122,1.0,0.0,0.0,1.0,0.0,0.0,1.0
-0.9020629614737582,-1.3899246629419837,131758.1409462321,0.0,0.0,0.0,0.0,0.0,0.0,1.0
1.5387392927388874,-0.18169861023414427,555167.4838148331,0.0,1.0,0.0,1.0,0.0,1.0,0.0
0.5312474745949876,0.32947395052686473,337223.0168838786,0.0,1.0,0.0,0.0,1.0,0.0,0.0
-1.0821866153750928,-1.5758055941278053,159097.3270348964,0.0,1.0,0.0,0.0,0.0,0.0,1.0
-0.2152488112761228,1.119467908066606,265490.0945988248,0.0,1.0,0.0,0.0,1.0,0.0,0.0
-0.9167360302118287,-0.5999307054022426,216264.22175564876,0.0,1.0,0.0,1.0,0.0,0.0,1.0
-1.435912928263476,-0.22816884303059964,185839.0263996036,1.0,0.0,0.0,0.0,0.0,0.0,1.0
0.9276742966528448,-1.4363948957384391,293677.5037271382,0.0,1.0,0.0,0.0,0.0,0.0,1.0
1.9341681156918584,-0.08875814464123355,1226905.3872843643,0.0,0.0,1.0,1.0,0.0,0.0,1.0
-1.4520536985877215,-1.2040437317561623,802333.538488998,0.0,0.0,1.0,1.0,0.0,0.0,0.0
0.5558756949591183,-1.5758055941278053,492488.8055984498,1.0,0.0,0.0,1.0,1.0,0.0,0.0
-0.6864394143927937,-1.1575734989597068,197850.43448762113,0.0,0.0,0.0,1.0,1.0,0.0,0.0
-0.51905486108262,0.6547655801020523,550788.913672965,0.0,0.0,1.0,0.0,0.0,0.0,1.0
-0.6268131226158012,-0.22816884303059964,141003.67209606373,0.0,0.0,0.0,1.0,0.0,0.0,1.0
-0.9048335432541296,0.9335869768807845,286230.0133144056,1.0,0.0,0.0,0.0,1.0,0.0,0.0
0.02926081345095958,1.7235809344205257,339298.41207049566,0.0,0.0,0.0,1.0,0.0,0.0,0.0
-0.8710114408470225,-1.2505139645526178,168951.3092326813,0.0,0.0,0.0,1.0,0.0,1.0,0.0
0.25644503186986084,-0.6928711709951533,285165.4349800354,0.0,0.0,0.0,1.0,0.0,1.0,0.0
-0.07183470438476118,1.7235809344205257,218527.20048700608,0.0,0.0,0.0,1.0,1.0,0.0,0.0
-0.26500784707794545,-0.36757954141996574,297591.02148200036,1.0,0.0,0.0,1.0,0.0,0.0,1.0
-0.9494369842226114,1.2124083736595166,531550.5915026031,0.0,0.0,1.0,1.0,0.0,0.0,1.0
-0.6108210367847133,-1.3434544301455285,353471.92553514184,0.0,1.0,0.0,0.0,0.0,0.0,0.0
0.7528486836275745,-0.9252223349774301,317080.3083945483,0.0,0.0,0.0,1.0,0.0,1.0,0.0
0.49235604415152695,-1.4828651285348944,1439270.7279930145,0.0,0.0,1.0,1.0,0.0,0.0,0.0
-1.02108394774915,-1.4828651285348944,710894.3306955562,0.0,0.0,1.0,1.0,0.0,1.0,0.0
0.08127322141614127,0.19006325213749864,459038.3376160408,1.0,0.0,0.0,1.0,1.0,0.0,0.0
0.7487498795832067,-0.8787521021809748,1249083.391034304,0.0,0.0,1.0,0.0,0.0,1.0,0.0
-1.7292970266044259,0.747706045694963,258232.47524713055,1.0,0.0,0.0,1.0,0.0,0.0,0.0
0.5358028743830637,0.747706045694963,363500.3844763146,0.0,0.0,0.0,1.0,0.0,0.0,0.0
-0.6987039730227491,0.004182320951677179,268745.2405943779,0.0,0.0,0.0,1.0,0.0,0.0,0.0
0.5636855716288764,0.0971227865445879,405983.82141524047,0.0,1.0,0.0,1.0,1.0,0.0,0.0
-0.8017195125644818,0.6547655801020523,279900.5805476139,0.0,1.0,0.0,0.0,0.0,1.0,0.0
-1.8679780274642768,1.258878606455972,172748.31090963935,0.0,1.0,0.0,1.0,0.0,1.0,0.0
-1.6864440793718931,1.258878606455972,554132.8007622198,0.0,0.0,1.0,0.0,0.0,0.0,0.0
0.028813804157051554,1.2124083736595166,290359.4346046864,0.0,0.0,0.0,1.0,0.0,1.0,0.0
0.24545682880318975,-1.3434544301455285,332158.6332328673,1.0,0.0,0.0,0.0,0.0,0.0,1.0
-0.9461131511580559,-0.4140497742164211,177461.64981202732,0.0,1.0,0.0,0.0,0.0,0.0,1.0
0.633287492509507,-1.018162800570341,406891.3372011479,1.0,0.0,0.0,1.0,0.0,0.0,1.0
-1.7212253133317124,1.6306404688276148,231232.70444272668,1.0,0.0,0.0,1.0,0.0,1.0,0.0
-0.08805106760263613,-1.4363948957384391,293884.0071546871,0.0,1.0,0.0,0.0,1.0,0.0,0.0
-1.2600665206001427,0.8871167440843291,135970.06225450736,0.0,0.0,0.0,0.0,1.0,0.0,0.0
-0.6876611816243507,-1.5758055941278053,254311.3224891007,0.0,1.0,0.0,1.0,1.0,0.0,0.0
0.028111297617361374,1.2124083736595166,396511.49882238224,1.0,0.0,0.0,0.0,1.0,0.0,0.0
-0.9011715291636613,-0.6928711709951533,167512.5789892024,0.0,1.0,0.0,0.0,0.0,0.0,1.0
-0.41405912784428633,-0.6928711709951533,273046.91286689707,1.0,0.0,0.0,0.0,0.0,0.0,1.0
1.0096843756596148,-1.2040437317561623,770036.0209285732,1.0,0.0,0.0,1.0,0.0,0.0,0.0
-0.6109444266233062,1.0265274424736952,263543.39919931785,0.0,1.0,0.0,0.0,0.0,1.0,0.0
0.8350487774234305,0.14359301934104327,1245342.213963195,0.0,0.0,1.0,0.0,0.0,1.0,0.0
-1.1768341167363454,-1.4363948957384391,200803.9674313743,0.0,1.0,0.0,0.0,1.0,0.0,0.0
0.5219262447133669,1.3518190720488827,878475.6694475894,0.0,0.0,1.0,1.0,0.0,0.0,1.0
1.4552549565503003,-1.0646330333667962,598790.3701900417,1.0,0.0,0.0,1.0,1.0,0.0,0.0
-2.5505101182310166,0.7941762784914184,142161.457462917,1.0,0.0,0.0,0.0,0.0,0.0,0.0
-0.8361511435998176,0.4224144161197755,819176.6483187161,0.0,0.0,1.0,1.0,0.0,1.0,0.0
0.5703121348959367,-0.18169861023414427,517926.3174930164,1.0,0.0,0.0,0.0,0.0,1.0,0.0
-0.22825604737292204,0.004182320951677179,824669.813321305,0.0,0.0,1.0,1.0,1.0,0.0,0.0
0.3595154902899673,1.119467908066606,1464888.9122017166,0.0,0.0,1.0,1.0,0.0,0.0,0.0
-0.6386785316721518,-1.1575734989597068,359146.62845590134,1.0,0.0,0.0,0.0,0.0,1.0,0.0
0.06822932837512563,1.258878606455972,346209.5262147665,0.0,0.0,0.0,1.0,0.0,0.0,0.0
-0.17976758592763023,-0.6928711709951533,1290138.9490161513,0.0,0.0,1.0,1.0,0.0,0.0,0.0
1.1749930331314558,0.747706045694963,458260.8617175477,0.0,1.0,0.0,1.0,1.0,0.0,0.0
0.24002978011383275,0.8871167440843291,256316.31009689457,0.0,1.0,0.0,0.0,0.0,0.0,1.0
0.3251789437849331,-0.4605200070128765,410894.9915845774,1.0,0.0,0.0,1.0,1.0,0.0,0.0
-0.44202673252944896,1.491229770438249,174690.86592136018,0.0,0.0,0.0,1.0,0.0,0.0,1.0
-0.5195470738121775,-0.08875814464123355,468432.2700023837,1.0,0.0,0.0,0.0,0.0,0.0,0.0
-0.46319708871021414,0.747706045694963,161341.19718404912,0.0,0.0,0.0,1.0,0.0,0.0,1.0
0.3833729791437609,0.747706045694963,1515603.1491342038,0.0,0.0,1.0,1.0,0.0,0.0,0.0
-0.45134965033852686,-0.3211093086235104,889118.1869288465,0.0,0.0,1.0,1.0,0.0,1.0,0.0
0.27621995645786407,0.0971227865445879,1255074.9597612035,0.0,0.0,1.0,1.0,0.0,1.0,0.0
2.104077988541363,0.2830037177304094,1753323.5127219197,0.0,0.0,1.0,1.0,0.0,1.0,0.0
0.8713193899927375,-0.6928711709951533,357495.33276125864,0.0,1.0,0.0,0.0,1.0,0.0,0.0
-0.3541427669312551,0.2830037177304094,258700.1870943851,0.0,1.0,0.0,0.0,1.0,0.0,0.0
1.209215595271277,-1.0646330333667962,794659.0374508618,1.0,0.0,0.0,1.0,0.0,0.0,0.0
-0.4381352274153284,1.3053488392524273,240584.19913715305,0.0,0.0,0.0,1.0,0.0,1.0,0.0
-2.1067369116067827,-0.8787521021809748,361465.0482250058,0.0,0.0,1.0,1.0,1.0,0.0,0.0
-1.0523371084076225,-1.2505139645526178,679360.8405049617,0.0,0.0,1.0,0.0,0.0,1.0,0.0
-1.9354466902585936,0.236533484933954,92711.0347314866,0.0,0.0,0.0,0.0,1.0,0.0,0.0
-0.3802355852421844,-1.6222758269242605,169421.20150585982,0.0,0.0,0.0,1.0,0.0,0.0,1.0
-0.001554411475286535,-1.5758055941278053,334413.8967078189,1.0,0.0,0.0,1.0,0.0,0.0,1.0
1.6956785606323896,1.119467908066606,360017.4107197158,0.0,0.0,0.0,0.0,0.0,1.0,0.0
0.31425117272834263,0.5618251145091415,1491717.2091864948,0.0,0.0,1.0,1.0,0.0,0.0,0.0
-0.2446909125788463,-0.3211093086235104,812942.2473887504,0.0,0.0,1.0,0.0,1.0,0.0,0.0
0.828613562915563,-1.2040437317561623,1061760.538788292,0.0,0.0,1.0,0.0,1.0,0.0,0.0
-2.283839587586303,1.0265274424736952,270521.8545881398,0.0,0.0,1.0,1.0,0.0,0.0,1.0
0.22077870482459103,1.119467908066606,675506.8419232586,0.0,0.0,1.0,0.0,0.0,0.0,1.0
0.7686886286841427,-0.6928711709951533,707265.7386568683,1.0,0.0,0.0,1.0,0.0,0.0,0.0
-1.533964903415288,-0.36757954141996574,689092.610686765,0.0,0.0,1.0,1.0,0.0,0.0,0.0
1.1503967246340987,-0.08875814464123355,884810.3120217151,1.0,0.0,0.0,1.0,0.0,0.0,0.0
0.3260938273027783,-1.296984197349073,1251097.9625678326,0.0,0.0,1.0,1.0,0.0,1.0,0.0
-0.4455183531135101,1.0729976752701507,234377.77640863703,0.0,1.0,0.0,1.0,0.0,0.0,1.0
0.6273394726937714,1.6771107016240703,475894.5010701822,0.0,1.0,0.0,1.0,0.0,1.0,0.0
2.3039889276634606,0.6082953473055969,433924.6043625062,0.0,1.0,0.0,0.0,0.0,0.0,1.0
0.16575919309824336,-0.8787521021809748,270507.8946761817,0.0,1.0,0.0,0.0,0.0,0.0,1.0
0.23368287996242962,1.119467908066606,429256.67054161034,1.0,0.0,0.0,0.0,1.0,0.0,0.0
-0.4906337151361121,0.4224144161197755,266989.0068553251,1.0,0.0,0.0,0.0,0.0,0.0,1.0
-0.8903525645376285,1.5377000032347041,139600.94971773445,0.0,0.0,0.0,1.0,0.0,0.0,1.0
0.8295657994036932,-0.18169861023414427,1186960.6192246478,0.0,0.0,1.0,0.0,0.0,1.0,0.0
-0.8967395912437748,0.3759441833233201,185539.80665321936,0.0,1.0,0.0,0.0,0.0,0.0,1.0
0.05285045402119064,1.3518190720488827,455512.5839534777,1.0,0.0,0.0,0.0,0.0,1.0,0.0
-0.5093629965731975,-1.296984197349073,1102856.82593057,0.0,0.0,1.0,1.0,0.0,0.0,0.0
0.4698998386418065,1.6771107016240703,781642.9950996459,0.0,0.0,1.0,0.0,0.0,0.0,1.0
0.32114518833375627,0.32947395052686473,407502.3681147494,1.0,0.0,0.0,1.0,0.0,0.0,1.0
1.0416705410895588,-1.6222758269242605,476926.6864032185,0.0,1.0,0.0,0.0,0.0,1.0,0.0
-0.5424872747906725,0.7012358128985077,303359.93007529713,0.0,0.0,0.0,1.0,0.0,0.0,0.0
-0.29666619169361574,-0.5534604726057872,879581.9527526868,0.0,0.0,1.0,1.0,1.0,0.0,0.0
-1.0223210004501406,-0.5534604726057872,209446.01592597296,0.0,0.0,0.0,0.0,0.0,0.0,0.0
-0.47520970881143,-0.8787521021809748,330074.360420223,0.0,1.0,0.0,1.0,0.0,1.0,0.0
0.3658156737391876,-1.4363948957384391,483672.7975332192,0.0,1.0,0.0,1.0,0.0,0.0,0.0
0.7544838545621517,-0.7393414037916086,284849.0546469644,0.0,0.0,0.0,0.0,0.0,1.0,0.0
-0.9643839923238515,-0.6928711709951533,256826.39324242627,0.0,1.0,0.0,0.0,0.0,1.0,0.0
0.8697646857086121,1.0265274424736952,1020973.702414401,0.0,0.0,1.0,0.0,1.0,0.0,0.0
1.3672918341607827,-0.22816884303059964,271939.1878998698,0.0,0.0,0.0,1.0,0.0,0.0,1.0
0.40280470393624734,-1.1575734989597068,453171.4161032046,0.0,1.0,0.0,1.0,0.0,1.0,0.0
1.9007757679900343,0.747706045694963,414310.9531539088,0.0,0.0,0.0,1.0,0.0,1.0,0.0
-0.8124986026434232,-0.9716925677738855,715487.8528738215,0.0,0.0,1.0,0.0,1.0,0.0,0.0
-1.2945006131285088,-1.3434544301455285,225737.75922604653,0.0,1.0,0.0,1.0,0.0,1.0,0.0
-1.8411974180678354,-0.36757954141996574,374996.2549513265,0.0,0.0,1.0,1.0,0.0,0.0,1.0
1.5110190596085955,0.7012358128985077,483047.6796314765,0.0,1.0,0.0,1.0,1.0,0.0,0.0
0.6494337442009116,1.0265274424736952,438576.6295732593,1.0,0.0,0.0,1.0,0.0,0.0,1.0
-0.07730771812330794,-1.4363948957384391,247671.4349273106,0.0,1.0,0.0,1.0,0.0,0.0,1.0
0.26618179734245007,-1.4363948957384391,278960.7845938046,0.0,0.0,0.0,1.0,1.0,0.0,0.0
-1.1725165534219264,-1.296984197349073,249074.518261055,0.0,1.0,0.0,1.0,0.0,1.0,0.0
2.4831883973916553,1.3053488392524273,1254269.1550111475,0.0,0.0,1.0,0.0,0.0,0.0,1.0
0.11186900398583831,-1.2040437317561623,777214.1128730936,0.0,0.0,1.0,0.0,0.0,0.0,1.0
0.09157369993880515,0.0971227865445879,244134.46915166816,0.0,1.0,0.0,0.0,0.0,0.0,1.0
0.7225234260730048,-1.296984197349073,241405.07509855216,0.0,0.0,0.0,1.0,0.0,0.0,1.0
0.4719772423986838,-0.5069902398093318,460646.25909962057,1.0,0.0,0.0,1.0,1.0,0.0,0.0
0.20877073048940778,1.7235809344205257,242521.3004034552,0.0,0.0,0.0,0.0,1.0,0.0,0.0
-0.8295784843300358,1.3982893048453382,435342.7114254318,1.0,0.0,0.0,1.0,0.0,0.0,0.0
0.4622107152306588,0.6547655801020523,1370862.9263229766,0.0,0.0,1.0,0.0,0.0,0.0,0.0
1.9061281162458472,1.4447595376417934,305484.17788538,0.0,0.0,0.0,1.0,0.0,0.0,1.0
1.356832358586473,0.6082953473055969,720555.1725165319,1.0,0.0,0.0,1.0,0.0,1.0,0.0
1.6104589013195552,0.004182320951677179,396239.0550538689,0.0,1.0,0.0,0.0,0.0,0.0,1.0
-0.5437149166497751,1.491229770438249,827160.5615385136,0.0,0.0,1.0,0.0,0.0,1.0,0.0
-1.0334185094134134,0.236533484933954,180814.4439523334,0.0,1.0,0.0,0.0,0.0,0.0,1.0
-0.14917033058350998,1.2124083736595166,1267614.3862457064,0.0,0.0,1.0,0.0,0.0,0.0,0.0
0.036634463686139346,-1.2040437317561623,303610.48416007636,0.0,0.0,0.0,0.0,0.0,0.0,0.0
1.0996619896535664,-0.6928711709951533,352335.1234925814,0.0,0.0,0.0,1.0,0.0,1.0,0.0
-1.7529017550952437,0.004182320951677179,344881.3953866027,0.0,0.0,1.0,1.0,0.0,0.0,1.0
1.5453175228878897,-1.1111032661632516,1752069.8184555615,0.0,0.0,1.0,1.0,0.0,1.0,0.0
-0.18215337195743006,-1.5758055941278053,1124819.2644523915,0.0,0.0,1.0,0.0,0.0,0.0,0.0
-0.45738570052461097,-1.0646330333667962,142887.5894489849,0.0,0.0,0.0,0.0,0.0,0.0,1.0
-1.056450204555383,0.7941762784914184,203740.53027538257,1.0,0.0,0.0,0.0,0.0,0.0,1.0
-1.7144043261447492,-0.18169861023414427,165357.5690531916,0.0,1.0,0.0,0.0,0.0,1.0,0.0
0.8222311008976163,-0.9252223349774301,385404.2270611869,0.0,1.0,0.0,0.0,1.0,0.0,0.0
0.05464361440211792,-0.18169861023414427,266749.33615584584,0.0,0.0,0.0,0.0,0.0,1.0,0.0
-1.3408783527831807,-0.18169861023414427,289515.30124077114,0.0,1.0,0.0,1.0,0.0,0.0,0.0
-1.346117268623981,-1.1575734989597068,808237.672482255,0.0,0.0,1.0,1.0,0.0,0.0,0.0
-0.3641347967902665,-1.2040437317561623,496874.76964611135,1.0,0.0,0.0,1.0,0.0,0.0,0.0
1.6880873818253088,-0.9716925677738855,664206.54590632,0.0,1.0,0.0,1.0,0.0,0.0,0.0
-0.28613938927372273,-0.8787521021809748,513817.5969048079,1.0,0.0,0.0,1.0,0.0,0.0,0.0
-1.5591024048932316,0.19006325213749864,478535.1799398141,0.0,0.0,1.0,0.0,1.0,0.0,0.0
-0.2719635742056018,-0.8322818693845194,212983.65596828205,0.0,1.0,0.0,0.0,0.0,0.0,1.0
-0.2995821996021141,0.8871167440843291,220383.837245376,0.0,0.0,0.0,0.0,0.0,1.0,0.0
-2.7501447814652216,1.7235809344205257,89075.22484272171,1.0,0.0,0.0,0.0,0.0,1.0,0.0
-0.07598740838553604,-0.5069902398093318,1079148.2172663994,0.0,0.0,1.0,0.0,0.0,0.0,0.0
-0.2568048016104697,1.0729976752701507,419001.4170742571,1.0,0.0,0.0,0.0,0.0,1.0,0.0
0.6922640331418282,-0.6464009381986979,552022.7300618617,0.0,1.0,0.0,1.0,0.0,0.0,0.0
1.8722776092998077,-0.274639075827055,487879.5726000618,0.0,1.0,0.0,0.0,1.0,0.0,0.0
1.132801171194874,0.3759441833233201,271399.88133232296,0.0,0.0,0.0,0.0,1.0,0.0,0.0
-0.2956566211420277,-0.18169861023414427,600322.3556130908,0.0,0.0,1.0,0.0,0.0,0.0,1.0
-1.1531049150076478,0.7012358128985077,556214.7455498904,0.0,0.0,1.0,0.0,1.0,0.0,0.0
2.613814291612182,0.46888464891623083,390183.6959425551,0.0,0.0,0.0,1.0,1.0,0.0,0.0
0.040210611185706936,-0.6928711709951533,194220.3525607727,0.0,0.0,0.0,1.0,0.0,0.0,1.0
-0.006149670786556984,-0.18169861023414427,908843.373845758,0.0,0.0,1.0,0.0,0.0,1.0,0.0
-0.045104079280933004,0.14359301934104327,569548.1877649536,1.0,0.0,0.0,1.0,0.0,0.0,0.0
0.18236128496761372,-1.1111032661632516,596122.5583893954,1.0,0.0,0.0,1.0,0.0,0.0,0.0
-0.16818310667569678,0.5153548817126862,244522.8334031808,0.0,0.0,0.0,0.0,0.0,1.0,0.0
-0.6076381740446776,-0.8322818693845194,248305.47859419495,1.0,0.0,0.0,0.0,0.0,0.0,1.0
-0.5802011853289656,-0.6928711709951533,760912.8949519548,0.0,0.0,1.0,0.0,0.0,1.0,0.0
-0.05393632875930578,-1.0646330333667962,288995.7848108001,0.0,1.0,0.0,0.0,1.0,0.0,0.0
-0.5766857931820577,-0.6928711709951533,206417.81515658935,0.0,1.0,0.0,0.0,0.0,0.0,1.0
-0.7501138049021292,-1.296984197349073,266161.34917550336,1.0,0.0,0.0,1.0,0.0,0.0,1.0
0.08853901763672138,0.46888464891623083,174083.74630741574,0.0,0.0,0.0,0.0,0.0,0.0,1.0
-0.28141612580001624,-1.3434544301455285,263806.16625267355,0.0,0.0,0.0,0.0,0.0,0.0,0.0
1.5191557319821893,-0.5999307054022426,362233.66523826093,0.0,0.0,0.0,0.0,0.0,1.0,0.0
-2.7340766745884406,-0.6464009381986979,35704.23675326595,0.0,0.0,0.0,1.0,0.0,0.0,1.0
1.0969138276788861,-0.6464009381986979,226664.17930984497,0.0,0.0,0.0,0.0,0.0,0.0,1.0
1.2551481223317198,-0.3211093086235104,447322.61693333305,1.0,0.0,0.0,0.0,0.0,0.0,1.0
-2.14283668280314,-1.0646330333667962,120787.8672388298,0.0,1.0,0.0,0.0,0.0,1.0,0.0
-0.37120095291620925,-1.5758055941278053,408791.0122208515,0.0,1.0,0.0,1.0,0.0,0.0,0.0
-0.4006342725104817,-0.3211093086235104,307695.2022414249,1.0,0.0,0.0,0.0,1.0,0.0,0.0
-1.4612093581479564,0.747706045694963,173903.50383580985,0.0,0.0,0.0,0.0,0.0,0.0,0.0
-0.8166213458274905,-0.4140497742164211,228079.60172893503,1.0,0.0,0.0,0.0,0.0,0.0,1.0
-1.157250637354979,0.6547655801020523,322045.5674791506,0.0,1.0,0.0,1.0,0.0,0.0,0.0
1.7733052318330569,-0.5999307054022426,1692726.7247247472,0.0,0.0,1.0,0.0,0.0,0.0,0.0
0.9373998481048198,0.3759441833233201,499350.51655449544,1.0,0.0,0.0,0.0,1.0,0.0,0.0
1.281220417075077,-0.6464009381986979,363641.7286553235,0.0,0.0,0.0,0.0,0.0,1.0,0.0
0.7183320252064195,0.32947395052686473,442547.4940439459,0.0,1.0,0.0,1.0,0.0,1.0,0.0
-1.1761635398253563,0.050652553748132545,263588.758245344,0.0,1.0,0.0,0.0,0.0,0.0,0.0
-0.5573341752244453,1.1659381408630614,336402.067563998,0.0,1.0,0.0,0.0,0.0,0.0,0.0
0.4805404214744463,0.9335869768807845,390706.5239497922,0.0,1.0,0.0,0.0,0.0,1.0,0.0
-1.271440931960237,-1.5293353613313498,174618.0892639502,0.0,0.0,0.0,1.0,0.0,1.0,0.0
0.7094532500007629,1.258878606455972,1102245.1849866805,0.0,0.0,1.0,1.0,1.0,0.0,0.0
-0.26641777429882463,-0.785811636588064,212744.22452200268,0.0,1.0,0.0,0.0,0.0,0.0,1.0
-0.40409415353743683,-0.5999307054022426,470906.3028155862,1.0,0.0,0.0,1.0,0.0,0.0,0.0
0.7073665760810877,-0.3211093086235104,1438783.4450526063,0.0,0.0,1.0,1.0,0.0,1.0,0.0
0.4343622392190688,-0.274639075827055,564348.6075306084,0.0,1.0,0.0,1.0,0.0,0.0,0.0
-0.3899118337264017,0.14359301934104327,1097805.8179844825,0.0,0.0,1.0,0.0,0.0,0.0,0.0
1.1663408692859591,-0.5069902398093318,579535.5499999401,1.0,0.0,0.0,0.0,0.0,1.0,0.0
-1.1270401147774385,-1.296984197349073,226133.72608299533,0.0,1.0,0.0,1.0,1.0,0.0,0.0
0.6100947802865256,1.0265274424736952,735967.5886748919,1.0,0.0,0.0,1.0,0.0,0.0,0.0
0.5867203729108811,-0.9252223349774301,269117.79010350944,0.0,0.0,0.0,1.0,1.0,0.0,0.0
-0.3372759720364649,1.6771107016240703,318004.0343290857,0.0,1.0,0.0,0.0,0.0,1.0,0.0
0.3134380338867077,-1.6222758269242605,282786.7460458638,0.0,1.0,0.0,0.0,0.0,0.0,1.0
-1.3011122459180429,-1.4363948957384391,152065.14377987373,0.0,1.0,0.0,1.0,0.0,0.0,1.0
0.9254729058801792,-1.5293353613313498,614537.8945929678,0.0,1.0,0.0,1.0,0.0,0.0,0.0
-0.20968368922439667,1.3518190720488827,255189.0087679771,0.0,0.0,0.0,1.0,0.0,1.0,0.0
-0.5554944225514031,-1.4828651285348944,257447.28443427436,0.0,1.0,0.0,1.0,1.0,0.0,0.0
1.053411084260571,1.3053488392524273,1495744.5150905843,0.0,0.0,1.0,0.0,0.0,0.0,0.0
-0.741410628590654,-1.2040437317561623,287099.302356099,0.0,1.0,0.0,1.0,0.0,1.0,0.0
-1.4621814189558,-0.6928711709951533,133094.1449754016,0.0,0.0,0.0,0.0,0.0,1.0,0.0
-1.6138536354218185,0.46888464891623083,188401.0885393283,0.0,1.0,0.0,1.0,1.0,0.0,0.0
0.5999343716110841,-0.4140497742164211,1595047.470731945,0.0,0.0,1.0,1.0,0.0,0.0,0.0
-1.3311213735737093,1.3982893048453382,177857.51611086843,0.0,0.0,0.0,1.0,0.0,1.0,0.0
1.775888659689517,0.236533484933954,429651.22008900176,0.0,0.0,0.0,1.0,0.0,1.0,0.0
-2.151577819519102,-1.0646330333667962,410807.09383928776,0.0,0.0,1.0,1.0,0.0,1.0,0.0
1.7161710901570553,-1.2505139645526178,1284574.934813834,0.0,0.0,1.0,0.0,1.0,0.0,0.0
0.19559986466152432,0.004182320951677179,1373143.3769379868,0.0,0.0,1.0,1.0,0.0,0.0,0.0
-0.11940889362597565,1.0265274424736952,1260360.384112319,0.0,0.0,1.0,1.0,0.0,0.0,0.0
-0.5782154511274836,0.8406465112878737,1025181.3881267066,0.0,0.0,1.0,1.0,0.0,0.0,0.0
0.3881677323975864,-1.1111032661632516,350108.25890323165,0.0,0.0,0.0,0.0,0.0,0.0,0.0
-0.05893321240800368,-1.018162800570341,155396.0808232067,0.0,0.0,0.0,0.0,0.0,0.0,1.0
1.1089878236889226,-0.08875814464123355,307473.38497016556,0.0,1.0,0.0,0.0,0.0,0.0,1.0
0.09652085650710124,0.7941762784914184,476640.53477413306,0.0,1.0,0.0,0.0,0.0,0.0,0.0
0.133448163223357,-0.7393414037916086,440126.9926481293,1.0,0.0,0.0,1.0,1.0,0.0,0.0
-0.3926204621366833,-0.9252223349774301,239943.70042155145,0.0,1.0,0.0,1.0,0.0,0.0,1.0
-0.07870085902029068,1.5841702360311596,390198.188322222,0.0,1.0,0.0,1.0,0.0,1.0,0.0
0.29467322548498653,0.9335869768807845,705134.5300764578,0.0,0.0,1.0,0.0,0.0,0.0,1.0
-1.771024232224796,1.0265274424736952,497445.7075676648,0.0,0.0,1.0,1.0,0.0,1.0,0.0
-1.4004799515168005,-1.4828651285348944,264439.29433795944,0.0,1.0,0.0,1.0,0.0,0.0,0.0
0.740434731324321,-1.4828651285348944,365465.23041932384,1.0,0.0,0.0,0.0,0.0,0.0,1.0
0.15449819429896808,-0.7393414037916086,887893.0245446655,0.0,0.0,1.0,0.0,1.0,0.0,0.0
-0.2087431584639021,-1.2040437317561623,234766.6737142119,0.0,1.0,0.0,0.0,0.0,0.0,1.0
-0.0015384897325399372,-0.5534604726057872,287712.99375962635,0.0,1.0,0.0,1.0,0.0,0.0,1.0
0.33539400282793347,-0.4605200070128765,219230.60531230117,0.0,0.0,0.0,1.0,0.0,0.0,1.0
-0.5729340187789937,0.050652553748132545,427893.8390077404,1.0,0.0,0.0,0.0,0.0,0.0,0.0
-0.8171209262898591,0.8406465112878737,174848.89559431514,0.0,0.0,0.0,1.0,1.0,0.0,0.0
0.1800688124338,-0.6928711709951533,320890.4635818214,1.0,0.0,0.0,0.0,0.0,0.0,1.0
-1.021920816149277,1.770051167216981,569951.6020498895,0.0,0.0,1.0,0.0,1.0,0.0,0.0
0.3974999927272989,0.0971227865445879,622982.8271506173,1.0,0.0,0.0,1.0,0.0,0.0,0.0
-1.763260054908157,0.46888464891623083,183906.9630278301,0.0,1.0,0.0,0.0,0.0,1.0,0.0
1.0330879357346185,-1.4828651285348944,318327.2350522794,0.0,1.0,0.0,0.0,0.0,0.0,1.0
0.46336654560846885,1.119467908066606,431203.7992473519,1.0,0.0,0.0,0.0,1.0,0.0,0.0
0.2416767232341605,0.9800572096772399,463175.54277518555,1.0,0.0,0.0,1.0,1.0,0.0,0.0
0.9855243403011558,0.4224144161197755,716007.5576701483,1.0,0.0,0.0,0.0,0.0,0.0,0.0
1.6844564084908853,-0.7393414037916086,275085.80661194737,0.0,0.0,0.0,0.0,0.0,0.0,1.0
1.0179526677765551,-0.8787521021809748,562323.5538766928,1.0,0.0,0.0,0.0,0.0,1.0,0.0
-1.904821413076868,1.6306404688276148,388066.98995800136,0.0,0.0,1.0,0.0,1.0,0.0,0.0
-1.3302488279175984,-1.4828651285348944,100538.18305603968,0.0,0.0,0.0,0.0,0.0,0.0,1.0
-0.6600046561127331,-1.018162800570341,198186.18477230152,0.0,0.0,0.0,0.0,0.0,1.0,0.0
0.006299726967643227,-1.5293353613313498,383518.96221069834,1.0,0.0,0.0,0.0,1.0,0.0,0.0
0.5094938404399745,1.0265274424736952,1087746.172959152,0.0,0.0,1.0,1.0,1.0,0.0,0.0
-0.7633168885116073,0.8871167440843291,215206.71541179737,0.0,0.0,0.0,1.0,0.0,1.0,0.0
0.17077560515444637,-1.4828651285348944,380736.4432011314,0.0,1.0,0.0,0.0,0.0,1.0,0.0
-0.793657006689031,-0.5534604726057872,244333.48085683509,0.0,0.0,0.0,1.0,0.0,0.0,0.0
-0.6463893029154484,-0.08875814464123355,283909.9655861056,1.0,0.0,0.0,1.0,0.0,0.0,1.0
-1.460338642668489,-0.274639075827055,387733.24413138506,0.0,0.0,1.0,0.0,0.0,0.0,1.0
-0.9654771718290005,-0.785811636588064,487964.2970517897,1.0,0.0,0.0,1.0,0.0,0.0,0.0
-1.4040618947088652,-0.22816884303059964,167004.94451553797,0.0,1.0,0.0,0.0,1.0,0.0,0.0
-1.0193621749027604,1.119467908066606,238137.839432151,0.0,1.0,0.0,0.0,0.0,1.0,0.0
1.0581532206144946,1.119467908066606,480178.1039432567,0.0,1.0,0.0,0.0,0.0,1.0,0.0
-0.9922616618467872,-0.785811636588064,312180.51207671815,1.0,0.0,0.0,0.0,0.0,1.0,0.0
2.6742324970112517,0.6082953473055969,395952.32433153904,0.0,0.0,0.0,0.0,1.0,0.0,0.0
0.48457702560826427,1.258878606455972,571940.4719565121,1.0,0.0,0.0,1.0,0.0,1.0,0.0
0.1687993025155161,-0.6464009381986979,1031576.9372414132,0.0,0.0,1.0,0.0,0.0,1.0,0.0
-0.8990673271284961,-0.5534604726057872,232561.16560870543,0.0,0.0,0.0,1.0,0.0,0.0,0.0
0.6964646005383472,-0.274639075827055,343966.42633742135,0.0,1.0,0.0,0.0,1.0,0.0,0.0
-0.6096607237837811,1.0265274424736952,254906.91065365344,1.0,0.0,0.0,0.0,0.0,0.0,1.0
0.10448707959282096,-0.22816884303059964,428959.8824804969,0.0,1.0,0.0,0.0,0.0,0.0,0.0
2.600225051471601,1.3053488392524273,782156.7314489705,0.0,1.0,0.0,1.0,0.0,0.0,0.0
-0.118740232267886,-0.785811636588064,674165.1657705018,0.0,0.0,1.0,0.0,0.0,0.0,1.0
1.1560465450533455,0.5618251145091415,379833.02446654614,0.0,0.0,0.0,0.0,0.0,0.0,0.0
-0.7402157560152068,0.4224144161197755,694715.5926764455,0.0,0.0,1.0,0.0,1.0,0.0,0.0
-0.05622441454956482,0.8871167440843291,1035327.0029992764,0.0,0.0,1.0,0.0,0.0,1.0,0.0
1.7922736842276126,0.8871167440843291,1380388.0494455758,0.0,0.0,1.0,1.0,1.0,0.0,0.0
-0.6622039502097091,-0.8322818693845194,189438.14631905893,0.0,1.0,0.0,0.0,0.0,0.0,1.0
1.8349066274594648,1.258878606455972,1198783.7755354913,0.0,0.0,1.0,1.0,0.0,0.0,1.0
0.7040826696992696,0.5153548817126862,1545046.5470193012,0.0,0.0,1.0,0.0,0.0,0.0,0.0
-0.5961781630758133,0.9800572096772399,207846.4250862113,0.0,0.0,0.0,1.0,1.0,0.0,0.0
0.6269564971115004,0.4224144161197755,257288.49130917396,0.0,0.0,0.0,1.0,1.0,0.0,0.0
0.975148065383279,-0.13522837743768892,948189.3455719012,0.0,0.0,1.0,0.0,0.0,0.0,1.0
0.61610807076237,-0.8787521021809748,248906.96742371487,0.0,0.0,0.0,0.0,1.0,0.0,0.0
-1.6277707319679882,1.5841702360311596,101412.64174458302,0.0,0.0,0.0,1.0,0.0,0.0,1.0
-0.7647432057995577,-1.4828651285348944,678257.4593935611,0.0,0.0,1.0,0.0,1.0,0.0,0.0
-0.27378113996166725,-0.7393414037916086,266504.67380207265,0.0,1.0,0.0,0.0,1.0,0.0,0.0
-0.09660227094431847,0.5153548817126862,875333.2010999945,0.0,0.0,1.0,0.0,1.0,0.0,0.0
0.6149432942985594,-0.9716925677738855,242126.99477147296,0.0,0.0,0.0,1.0,0.0,0.0,1.0
0.16149542596175462,1.5841702360311596,474391.30825789296,0.0,1.0,0.0,0.0,0.0,0.0,0.0
-1.387335182324451,0.5153548817126862,207051.3011373135,1.0,0.0,0.0,0.0,1.0,0.0,0.0
0.36878155752101166,-1.2505139645526178,267526.8825614119,0.0,1.0,0.0,0.0,0.0,0.0,1.0
0.604618388295382,-0.9252223349774301,203671.0863217766,0.0,0.0,0.0,1.0,0.0,0.0,1.0
0.5526217242194721,1.5377000032347041,333920.7946357971,0.0,1.0,0.0,0.0,1.0,0.0,0.0
1.0859340161874635,1.1659381408630614,1089158.7122066987,0.0,0.0,1.0,1.0,1.0,0.0,0.0
0.8332369583929947,-1.2040437317561623,686306.2334872822,1.0,0.0,0.0,0.0,0.0,0.0,0.0
0.4496318055337006,0.6547655801020523,397581.6562418452,1.0,0.0,0.0,1.0,0.0,0.0,1.0
-0.09223361691263787,-1.5293353613313498,299233.80211519636,1.0,0.0,0.0,0.0,0.0,0.0,1.0
-1.7206529605459535,1.5841702360311596,120226.21584673769,0.0,0.0,0.0,0.0,0.0,1.0,0.0
0.41937077372622034,0.7012358128985077,219784.0616078235,0.0,0.0,0.0,1.0,0.0,0.0,1.0
0.19219133152589768,-0.785811636588064,595589.9873267626,1.0,0.0,0.0,1.0,0.0,0.0,0.0
0.2575935801352193,0.2830037177304094,392177.6775679931,0.0,1.0,0.0,1.0,0.0,1.0,0.0
-1.3273535423307932,-0.04228791184477818,259067.30576112375,1.0,0.0,0.0,0.0,0.0,1.0,0.0
-1.1270331670609797,0.46888464891623083,232643.53418641875,0.0,1.0,0.0,0.0,0.0,1.0,0.0
1.0576527132733833,-0.4605200070128765,378073.53209410986,0.0,1.0,0.0,0.0,1.0,0.0,0.0
-0.060899084706776255,1.5377000032347041,205694.1745483742,0.0,0.0,0.0,0.0,1.0,0.0,0.0
0.677210559891728,1.3053488392524273,332633.7204884901,0.0,1.0,0.0,1.0,0.0,0.0,1.0
0.008579731685914811,0.050652553748132545,473689.7744296649,1.0,0.0,0.0,0.0,0.0,1.0,0.0
0.010051499794802764,0.6082953473055969,322956.35001540394,0.0,0.0,0.0,0.0,0.0,0.0,0.0
0.9400668819186712,-0.6928711709951533,1090235.7171645516,0.0,0.0,1.0,0.0,1.0,0.0,0.0
-0.5486581810190675,1.770051167216981,1031789.513796864,0.0,0.0,1.0,0.0,0.0,0.0,0.0
0.07798573661585446,1.3053488392524273,310899.0176154314,0.0,0.0,0.0,0.0,0.0,0.0,0.0
-0.493617032929018,-1.4363948957384391,299149.5944647872,1.0,0.0,0.0,0.0,1.0,0.0,0.0
-0.4651809651704152,1.5841702360311596,725330.8228526395,0.0,0.0,1.0,0.0,1.0,0.0,0.0
-0.3368928031944003,-1.4828651285348944,829533.3367217233,0.0,0.0,1.0,1.0,1.0,0.0,0.0
0.20697908237246235,0.14359301934104327,307729.8210872499,0.0,1.0,0.0,0.0,1.0,0.0,0.0
-0.5104799790025758,-0.04228791184477818,297121.9485548946,0.0,1.0,0.0,0.0,0.0,1.0,0.0
1.2650477840062113,-1.6222758269242605,609068.9735757313,1.0,0.0,0.0,0.0,0.0,1.0,0.0
-0.9361741917117781,-0.5534604726057872,171460.03116705653,0.0,0.0,0.0,0.0,0.0,1.0,0.0
-0.21169977804686618,0.9800572096772399,462738.6960962143,1.0,0.0,0.0,1.0,0.0,1.0,0.0
-0.47053960573290515,1.5841702360311596,161579.73943541452,0.0,0.0,0.0,1.0,0.0,0.0,1.0
1.4607921555027312,0.236533484933954,1369284.4771078182,0.0,0.0,1.0,1.0,0.0,1.0,0.0
0.18079511483846256,0.8406465112878737,321426.10805101314,0.0,1.0,0.0,1.0,1.0,0.0,0.0
1.0358404334804439,0.46888464891623083,779410.3980445743,1.0,0.0,0.0,1.0,0.0,0.0,0.0
-1.5411039767372356,1.119467908066606,288504.6808879333,1.0,0.0,0.0,1.0,0.0,1.0,0.0
0.2529579029316311,1.119467908066606,165619.33819135083,0.0,0.0,0.0,0.0,0.0,0.0,1.0
0.8902631723741838,0.9800572096772399,282442.79430083674,0.0,0.0,0.0,1.0,1.0,0.0,0.0
0.0638216931387793,-0.22816884303059964,618826.859188834,1.0,0.0,0.0,1.0,0.0,0.0,0.0
1.0702717949564524,-0.5534604726057872,410082.45195067674,0.0,0.0,0.0,0.0,0.0,0.0,0.0
-0.5499313183432764,0.004182320951677179,407298.5118970859,1.0,0.0,0.0,1.0,0.0,1.0,0.0
1.4222717084060363,-0.274639075827055,739476.8889418205,1.0,0.0,0.0,0.0,0.0,0.0,0.0
2.3328612801877706,-0.5534604726057872,804016.1630319124,1.0,0.0,0.0,0.0,0.0,1.0,0.0
-0.3918285126155442,-0.274639075827055,1016708.7807440194,0.0,0.0,1.0,1.0,0.0,1.0,0.0
-0.4764475705457881,-1.3434544301455285,188988.69252395764,0.0,0.0,0.0,0.0,1.0,0.0,0.0
1.467350271493383,-0.04228791184477818,457111.7782791112,0.0,1.0,0.0,1.0,1.0,0.0,0.0
1.5965224224077326,0.8871167440843291,418513.9665106486,0.0,1.0,0.0,1.0,0.0,0.0,1.0
-0.5556346695488111,-1.018162800570341,159402.63084270494,0.0,0.0,0.0,0.0,1.0,0.0,0.0
-0.4505331209571675,-1.2040437317561623,350272.3928476645,1.0,0.0,0.0,0.0,1.0,0.0,0.0
-0.3088575426256371,-0.9252223349774301,348047.1967449689,0.0,1.0,0.0,1.0,0.0,1.0,0.0
-1.3966567055382195,0.8406465112878737,177753.8793812837,0.0,1.0,0.0,0.0,1.0,0.0,0.0
-0.9607875192403663,1.5841702360311596,172303.60467442602,0.0,0.0,0.0,0.0,0.0,1.0,0.0
-1.0482982476222071,0.3759441833233201,243070.76082699516,0.0,1.0,0.0,1.0,0.0,1.0,0.0
-0.8063652596654075,1.7235809344205257,325484.66612917226,1.0,0.0,0.0,1.0,1.0,0.0,0.0
-0.05591363087951772,0.4224144161197755,176874.5942303872,0.0,0.0,0.0,0.0,0.0,0.0,1.0
0.21934577178102527,0.9335869768807845,383118.9753145313,1.0,0.0,0.0,1.0,0.0,0.0,1.0
1.5667631917384215,0.9800572096772399,695806.3012451602,0.0,1.0,0.0,1.0,0.0,0.0,0.0
-1.0423746589379648,-0.6928711709951533,325955.89758408,0.0,1.0,0.0,1.0,0.0,0.0,0.0
0.9871943396467934,1.491229770438249,519510.9601979659,1.0,0.0,0.0,1.0,1.0,0.0,0.0
-0.23945833082434373,0.6547655801020523,747220.0992701654,0.0,0.0,1.0,1.0,0.0,0.0,1.0
-0.07104198914952956,-0.13522837743768892,357456.65427830926,0.0,1.0,0.0,1.0,0.0,1.0,0.0
0.6703713365615266,-1.3434544301455285,1670350.2900701312,0.0,0.0,1.0,1.0,0.0,0.0,0.0
-1.169684084370924,1.5841702360311596,230890.56834619408,0.0,1.0,0.0,0.0,0.0,1.0,0.0
0.37104576654310634,-0.9716925677738855,1463753.535745316,0.0,0.0,1.0,1.0,0.0,0.0,0.0
0.1499805864625506,-0.18169861023414427,929178.2966490822,0.0,0.0,1.0,0.0,1.0,0.0,0.0
0.4836898917849358,-0.7393414037916086,841623.1081305407,0.0,0.0,1.0,0.0,0.0,0.0,1.0
0.27559940584059933,-0.9716925677738855,605718.8904705622,1.0,0.0,0.0,0.0,0.0,0.0,0.0
2.4929623825679896,0.5618251145091415,1281322.7167573555,0.0,0.0,1.0,1.0,0.0,0.0,1.0
-0.6732316686724877,1.6306404688276148,923238.890799218,0.0,0.0,1.0,1.0,0.0,1.0,0.0
-0.5639640450225378,-0.6928711709951533,683282.0128822698,0.0,0.0,1.0,0.0,1.0,0.0,0.0
-0.658286917015157,0.2830037177304094,226430.74884831437,0.0,1.0,0.0,1.0,0.0,0.0,1.0
-0.5890231929871403,-0.4605200070128765,655943.274616923,0.0,0.0,1.0,0.0,1.0,0.0,0.0
-0.672870466258451,-1.018162800570341,214608.7918609674,0.0,1.0,0.0,1.0,0.0,0.0,1.0
1.1967297220031883,0.9800572096772399,1430172.1999747388,0.0,0.0,1.0,1.0,0.0,1.0,0.0
1.433692387441132,0.050652553748132545,1486201.6224790788,0.0,0.0,1.0,0.0,0.0,1.0,0.0
-0.6046535009725051,1.0265274424736952,333919.8534197391,1.0,0.0,0.0,0.0,1.0,0.0,0.0
-0.8724501381941714,-0.6928711709951533,262488.651035317,0.0,1.0,0.0,0.0,0.0,1.0,0.0
0.4621566656831106,1.5377000032347041,1518794.9422711714,0.0,0.0,1.0,1.0,0.0,0.0,0.0
-0.5856921555251328,-1.5293353613313498,208999.9787622958,0.0,1.0,0.0,0.0,0.0,0.0,1.0
0.6274929708705462,0.050652553748132545,481575.8079703533,0.0,1.0,0.0,1.0,0.0,1.0,0.0
0.18731397542089506,0.6082953473055969,349023.2900639744,0.0,0.0,0.0,1.0,0.0,0.0,0.0
-1.5720015986245814,-0.785811636588064,221140.7010393206,1.0,0.0,0.0,1.0,1.0,0.0,0.0
1.5636970581941665,-1.1111032661632516,812383.0945899657,1.0,0.0,0.0,0.0,0.0,0.0,0.0
1.8179438222282083,1.1659381408630614,533337.0545719789,1.0,0.0,0.0,0.0,1.0,0.0,0.0
-0.6476902483467474,0.236533484933954,179812.25670558156,0.0,0.0,0.0,0.0,1.0,0.0,0.0
-0.4172795504104653,-0.13522837743768892,162510.15008845073,0.0,0.0,0.0,1.0,0.0,0.0,1.0
0.27221802695198505,0.6547655801020523,370745.8934999843,1.0,0.0,0.0,1.0,0.0,0.0,1.0
0.3219586682334642,1.491229770438249,344781.3520002923,0.0,0.0,0.0,0.0,0.0,0.0,0.0
0.6537111895620512,1.6306404688276148,225590.7413719821,0.0,0.0,0.0,1.0,0.0,0.0,1.0
2.0373397627486374,-0.13522837743768892,316909.14213071077,0.0,0.0,0.0,1.0,0.0,0.0,1.0
-0.20154063760487861,-0.5534604726057872,313377.4383954329,1.0,0.0,0.0,0.0,0.0,0.0,1.0
-0.837586291308461,1.1659381408630614,412090.6216142681,1.0,0.0,0.0,0.0,0.0,0.0,0.0
-1.4323501074487943,1.1659381408630614,267188.8786370948,1.0,0.0,0.0,0.0,0.0,1.0,0.0
-0.7686257754793873,-0.36757954141996574,147592.60250401488,0.0,0.0,0.0,1.0,0.0,0.0,1.0
-0.054318869911233525,1.0265274424736952,344381.00015706546,1.0,0.0,0.0,1.0,0.0,0.0,1.0
1.8165927976484921,0.32947395052686473,477329.3497290438,0.0,0.0,0.0,1.0,0.0,0.0,0.0
-0.5502618030246719,0.236533484933954,913698.836585698,0.0,0.0,1.0,1.0,0.0,1.0,0.0
0.20867238562164642,0.14359301934104327,190895.62525685804,0.0,0.0,0.0,1.0,0.0,0.0,1.0
-0.0372197226399836,0.6082953473055969,281675.6190595389,0.0,1.0,0.0,0.0,1.0,0.0,0.0
1.1960917235891417,-0.8787521021809748,721631.0657708965,1.0,0.0,0.0,1.0,0.0,0.0,0.0
2.5662888538026225,1.5841702360311596,617018.5020668354,1.0,0.0,0.0,1.0,0.0,0.0,1.0
-0.5638328312885997,1.5841702360311596,245534.57635625132,0.0,1.0,0.0,1.0,0.0,0.0,1.0
-0.5214236499652473,1.3518190720488827,176748.3695363143,0.0,0.0,0.0,0.0,1.0,0.0,0.0
1.0484480665140234,1.770051167216981,1170083.5232324258,0.0,0.0,1.0,0.0,1.0,0.0,0.0
0.6776105948279799,-1.4363948957384391,529957.363550312,0.0,1.0,0.0,0.0,0.0,0.0,0.0
1.8699756541335903,-1.5758055941278053,670378.2606727536,0.0,1.0,0.0,1.0,0.0,0.0,0.0
0.5773303466370081,-0.6464009381986979,235299.80405081465,0.0,0.0,0.0,0.0,1.0,0.0,0.0
-0.3881981649103052,0.9800572096772399,504529.24065586855,1.0,0.0,0.0,0.0,0.0,0.0,0.0
0.5842160848391584,1.3982893048453382,248618.53228601872,0.0,0.0,0.0,0.0,1.0,0.0,0.0
1.1145172785879656,1.770051167216981,335924.0584915041,0.0,1.0,0.0,1.0,0.0,0.0,1.0
0.8194791143411002,-0.9252223349774301,356495.295791377,0.0,1.0,0.0,0.0,1.0,0.0,0.0
0.4988632342338828,0.7012358128985077,493807.2802556016,1.0,0.0,0.0,1.0,1.0,0.0,0.0
1.0714943563810633,0.14359301934104327,625561.8326967547,1.0,0.0,0.0,1.0,0.0,1.0,0.0
1.1765423585995463,0.19006325213749864,443718.60189998534,1.0,0.0,0.0,0.0,1.0,0.0,0.0
1.3944402214225513,0.0971227865445879,323647.93171536684,0.0,0.0,0.0,1.0,1.0,0.0,0.0
0.6436442100538456,1.119467908066606,530357.2662006837,1.0,0.0,0.0,0.0,0.0,1.0,0.0
-0.19147901988511837,1.0729976752701507,437983.392146636,0.0,1.0,0.0,1.0,0.0,0.0,0.0
0.12977522612756304,-1.2040437317561623,384950.478517452,0.0,1.0,0.0,0.0,0.0,1.0,0.0
1.2146358734543394,1.3053488392524273,955532.1958029288,0.0,0.0,1.0,0.0,0.0,0.0,1.0
-0.8566655378030735,1.258878606455972,190415.01277072472,0.0,0.0,0.0,0.0,0.0,1.0,0.0
0.3569844468207895,0.6082953473055969,899242.541175247,0.0,0.0,1.0,1.0,0.0,0.0,1.0
-0.4230501302511494,1.3053488392524273,369970.55979848874,0.0,1.0,0.0,0.0,0.0,0.0,0.0
0.009016264443631223,-0.18169861023414427,1225390.118504894,0.0,0.0,1.0,1.0,0.0,1.0,0.0
1.2882803011092123,-1.3434544301455285,450455.53217240406,0.0,1.0,0.0,0.0,0.0,1.0,0.0
0.17521037261779351,-0.6928711709951533,1327089.3547973568,0.0,0.0,1.0,1.0,0.0,0.0,0.0
0.02712641914688885,-0.7393414037916086,359929.5870501708,1.0,0.0,0.0,1.0,0.0,0.0,1.0
-1.4124266962048349,-0.4605200070128765,626569.8915379588,0.0,0.0,1.0,0.0,0.0,1.0,0.0
0.7434949077517392,1.491229770438249,381407.8877105097,1.0,0.0,0.0,0.0,0.0,0.0,1.0
0.6403422119682994,-0.9716925677738855,507149.68642952386,1.0,0.0,0.0,0.0,0.0,1.0,0.0
2.1940097587320375,-1.018162800570341,378439.91723716096,0.0,0.0,0.0,0.0,1.0,0.0,0.0
-0.3354659476253982,-0.4140497742164211,389962.87123977754,1.0,0.0,0.0,0.0,0.0,1.0,0.0
0.20392507654967437,0.19006325213749864,641435.3924953474,1.0,0.0,0.0,1.0,0.0,0.0,0.0
0.23487348595331659,1.0265274424736952,1373439.3174284033,0.0,0.0,1.0,0.0,0.0,0.0,0.0
1.594353442843441,-0.36757954141996574,351364.42644576455,0.0,1.0,0.0,0.0,0.0,0.0,1.0
-0.11795778677076059,-0.4605200070128765,256217.2473061565,0.0,0.0,0.0,1.0,0.0,1.0,0.0
0.2652122967846438,1.258878606455972,331508.61066761514,1.0,0.0,0.0,0.0,0.0,0.0,1.0
0.6018655492393983,1.3982893048453382,215912.5717111377,0.0,0.0,0.0,0.0,0.0,0.0,1.0
0.17061423543667503,-0.5069902398093318,1037218.9706029564,0.0,0.0,1.0,1.0,1.0,0.0,0.0
-0.4774006851106072,-1.5293353613313498,328765.1962105524,1.0,0.0,0.0,0.0,1.0,0.0,0.0
0.1782720362812343,1.6771107016240703,1389239.1584675512,0.0,0.0,1.0,0.0,0.0,0.0,0.0
1.0786159590628002,0.3759441833233201,230648.73089694744,0.0,0.0,0.0,0.0,0.0,0.0,1.0
-1.0712019635005703,0.2830037177304094,970208.5221189384,0.0,0.0,1.0,1.0,0.0,0.0,0.0
0.11570615227314279,-1.3899246629419837,250981.8141125566,0.0,0.0,0.0,0.0,0.0,1.0,0.0
-0.7370878771621306,0.14359301934104327,677702.31084077,0.0,0.0,1.0,1.0,0.0,0.0,1.0
1.2029024385122165,0.747706045694963,255535.89828518813,0.0,0.0,0.0,0.0,0.0,0.0,1.0
-1.579620418879352,-0.5999307054022426,204892.4177802989,0.0,1.0,0.0,1.0,0.0,1.0,0.0
-0.5925493928476095,0.6547655801020523,890683.8595397065,0.0,0.0,1.0,0.0,0.0,1.0,0.0
0.3657249598425381,0.32947395052686473,1568797.1333503646,0.0,0.0,1.0,1.0,0.0,0.0,0.0
1.5821420519319396,-0.785811636588064,727722.9465679768,0.0,1.0,0.0,1.0,0.0,0.0,0.0
-0.0877137360887805,1.5377000032347041,330280.99012416316,0.0,1.0,0.0,1.0,0.0,1.0,0.0
-0.5887390351415964,0.7012358128985077,1138069.4154812926,0.0,0.0,1.0,1.0,0.0,0.0,0.0
1.9052401735725901,-1.1575734989597068,614988.80966608,0.0,1.0,0.0,1.0,0.0,1.0,0.0
-1.502669487210847,-1.1111032661632516,198112.34810718943,1.0,0.0,0.0,1.0,0.0,0.0,1.0
-2.271218631950791,1.770051167216981,60177.57018771847,0.0,0.0,0.0,0.0,0.0,0.0,1.0
0.4300128873669234,-1.296984197349073,240648.70063841483,0.0,0.0,0.0,0.0,1.0,0.0,0.0
-0.5343367857793382,-0.5534604726057872,171906.97682672722,0.0,0.0,0.0,1.0,0.0,0.0,1.0
-1.0657945444887171,0.236533484933954,350687.8121391694,1.0,0.0,0.0,1.0,0.0,1.0,0.0
0.7047014789378048,0.004182320951677179,563651.6008362983,0.0,1.0,0.0,1.0,0.0,0.0,0.0
0.22915847240635706,1.6771107016240703,371043.5789449386,0.0,1.0,0.0,1.0,1.0,0.0,0.0
-0.5978281401238944,0.8871167440843291,1016543.7886508332,0.0,0.0,1.0,0.0,0.0,0.0,0.0
-1.3309934644478192,-1.2505139645526178,239490.62089237123,0.0,1.0,0.0,1.0,0.0,1.0,0.0
0.8726835329389434,0.5153548817126862,964594.4101103016,0.0,0.0,1.0,0.0,0.0,0.0,1.0
0.6451707711411638,-0.9716925677738855,444685.6948236576,1.0,0.0,0.0,0.0,1.0,0.0,0.0
-0.12192989242680438,0.5618251145091415,245224.59334126755,0.0,0.0,0.0,1.0,0.0,1.0,0.0
1.8699036610678692,0.2830037177304094,363011.3731022803,0.0,0.0,0.0,1.0,1.0,0.0,0.0
-1.1158018980066413,1.119467908066606,145185.49575382308,0.0,0.0,0.0,0.0,1.0,0.0,0.0
-1.5820139876817427,1.5841702360311596,137486.20536111185,0.0,1.0,0.0,0.0,0.0,0.0,1.0
-0.7286808913155399,-1.1111032661632516,872863.9494315907,0.0,0.0,1.0,1.0,0.0,1.0,0.0
-0.06707258398294788,-1.5758055941278053,1346104.3264110582,0.0,0.0,1.0,1.0,0.0,0.0,0.0
0.2286862985274919,-1.3434544301455285,504425.8170167056,1.0,0.0,0.0,1.0,1.0,0.0,0.0
-0.26734997213764533,-1.5293353613313498,283846.73272392165,0.0,1.0,0.0,0.0,1.0,0.0,0.0
0.3399735018793295,-1.5293353613313498,621676.347177911,1.0,0.0,0.0,0.0,0.0,0.0,0.0
-1.301548165509528,-0.4140497742164211,679919.7361849248,0.0,0.0,1.0,1.0,0.0,1.0,0.0
1.4575028774783279,0.19006325213749864,1132402.2655251576,0.0,0.0,1.0,0.0,1.0,0.0,0.0
-0.10450255381102364,-0.13522837743768892,181867.3095560576,0.0,0.0,0.0,0.0,1.0,0.0,0.0
1.1233127461303924,-1.6222758269242605,422239.1089212106,0.0,1.0,0.0,1.0,1.0,0.0,0.0
0.33042278541448683,-1.296984197349073,1053377.437006204,0.0,0.0,1.0,1.0,0.0,1.0,0.0
0.4471475474500332,-0.18169861023414427,289350.2671179758,0.0,0.0,0.0,0.0,0.0,1.0,0.0
0.562834519984844,0.5618251145091415,480788.3942822067,0.0,1.0,0.0,0.0,0.0,0.0,0.0
0.43788897180800385,-1.4828651285348944,520964.1615710116,1.0,0.0,0.0,1.0,0.0,1.0,0.0
0.637515479931775,1.5841702360311596,461962.7746584718,0.0,1.0,0.0,1.0,0.0,1.0,0.0
1.3401800972541063,-0.785811636588064,360963.7938252102,0.0,1.0,0.0,1.0,0.0,0.0,1.0
0.18076071318896433,-0.18169861023414427,1426425.6749098338,0.0,0.0,1.0,1.0,0.0,0.0,0.0
0.7053640988536701,-1.2505139645526178,1170798.894789295,0.0,0.0,1.0,1.0,1.0,0.0,0.0
-0.11226645215802951,-1.1111032661632516,325586.835901638,0.0,1.0,0.0,0.0,0.0,1.0,0.0
1.453769223953118,-1.1575734989597068,1200100.8728830782,0.0,0.0,1.0,0.0,1.0,0.0,0.0
-0.7127981578861858,0.46888464891623083,683554.0281832524,0.0,0.0,1.0,0.0,1.0,0.0,0.0
1.8231263220880787,-0.9252223349774301,1000424.2988074352,0.0,0.0,1.0,0.0,0.0,0.0,1.0
-0.061516138326086975,-1.6222758269242605,270491.2759821505,0.0,0.0,0.0,1.0,0.0,1.0,0.0
-1.485022971669098,1.258878606455972,174141.08150454337,0.0,0.0,0.0,1.0,0.0,0.0,0.0
0.1107258241064615,-0.6928711709951533,408050.6219235487,0.0,1.0,0.0,1.0,0.0,1.0,0.0
-0.7175677123721684,-0.274639075827055,659745.1881121943,0.0,0.0,1.0,0.0,1.0,0.0,0.0
0.8401173214782176,-1.0646330333667962,345222.68362685986,0.0,0.0,0.0,0.0,0.0,0.0,0.0
-0.6884676871842651,-0.08875814464123355,271321.54104254494,0.0,1.0,0.0,0.0,0.0,1.0,0.0
-0.47714458670089377,-1.4828651285348944,784843.8625356558,0.0,0.0,1.0,1.0,1.0,0.0,0.0
-1.9546389309190972,-0.36757954141996574,172422.35321378836,1.0,0.0,0.0,0.0,1.0,0.0,0.0
-0.4834122859741017,1.0729976752701507,670662.7657283072,0.0,0.0,1.0,1.0,0.0,0.0,1.0
-2.50161524389509,-0.4140497742164211,198279.3118665325,0.0,0.0,1.0,1.0,0.0,0.0,1.0
-1.6417723383155023,1.5377000032347041,109109.79158134742,0.0,0.0,0.0,1.0,0.0,0.0,1.0
0.7579909238032319,-0.5069902398093318,412082.42859812226,0.0,1.0,0.0,1.0,1.0,0.0,0.0
0.7839768224005578,-1.5293353613313498,463866.07502284733,0.0,1.0,0.0,1.0,0.0,1.0,0.0
0.4151117120863864,1.491229770438249,199957.05924093476,0.0,0.0,0.0,1.0,0.0,0.0,1.0
-1.0102546382580555,-0.5069902398093318,692389.1302129092,0.0,0.0,1.0,0.0,0.0,1.0,0.0
-0.06924819047969463,-0.7393414037916086,335680.544944983,1.0,0.0,0.0,1.0,0.0,0.0,1.0
-0.02409614959135881,-0.08875814464123355,1340147.275144092,0.0,0.0,1.0,1.0,0.0,0.0,0.0
-1.2061697417471875,-0.4605200070128765,803733.1947980472,0.0,0.0,1.0,0.0,0.0,0.0,0.0
1.5185469801451221,-1.4363948957384391,520251.1633918253,1.0,0.0,0.0,1.0,0.0,0.0,1.0
0.877704503187708,1.1659381408630614,246256.3283168733,0.0,0.0,0.0,0.0,1.0,0.0,0.0
-0.24659863493019415,-1.2505139645526178,228809.92002478676,0.0,1.0,0.0,0.0,0.0,0.0,1.0
0.007113313412667576,0.6547655801020523,174135.5863295268,0.0,0.0,0.0,0.0,0.0,0.0,1.0
0.19290289270979538,-1.3899246629419837,277960.6728257781,0.0,0.0,0.0,1.0,1.0,0.0,0.0
-2.110432633352701,1.119467908066606,512134.2626461012,0.0,0.0,1.0,1.0,0.0,0.0,0.0
-0.27343181590732,0.3759441833233201,312456.2048711663,0.0,1.0,0.0,0.0,0.0,1.0,0.0
-0.7185223597247322,-1.1575734989597068,213066.91819606465,0.0,1.0,0.0,1.0,0.0,0.0,1.0
-1.0457178719900286,1.3982893048453382,163020.7764244342,0.0,0.0,0.0,1.0,1.0,0.0,0.0
-0.30815704179770603,0.5153548817126862,258867.9559484628,1.0,0.0,0.0,0.0,0.0,0.0,1.0
1.8197954574367983,1.7235809344205257,333693.65165835683,0.0,0.0,0.0,0.0,1.0,0.0,0.0
0.6355911195849921,-1.5293353613313498,577102.6270603163,1.0,0.0,0.0,1.0,0.0,1.0,0.0
-0.6050964307605777,-0.274639075827055,287392.15124108794,0.0,1.0,0.0,0.0,0.0,1.0,0.0
0.5657166109219409,-0.6928711709951533,333079.58406240493,0.0,0.0,0.0,0.0,0.0,0.0,0.0
