Area,YearBuilt,Location,Condition,Garage,Price
114.90142459033699,1993,Lille,Poor,Non,220227.7391533895
95.85207096486447,1998,Lille,Excellent,Non,281962.23602518573
119.43065614302077,2010,Lyon,Good,Non,504047.7137061822
145.69089569224076,2016,Lyon,Poor,Non,473632.63474846387
92.97539875829992,1955,Paris,Poor,Non,636179.786628281
92.97589129152459,1958,Paris,Fair,Non,867255.2250142529
147.37638446522175,1955,Marseille,Poor,Oui,385983.39276128437
123.02304187458726,2022,Lille,Poor,Oui,240464.5244792041
85.91576842195144,1981,Lyon,Excellent,Oui,471327.11540637776
116.27680130757894,1990,Paris,Good,Non,1208260.4494319952
86.09746921562613,1957,Marseille,Fair,Non,243447.11825747485
86.0281073928923,2021,Marseille,Excellent,Non,373657.34742073074
107.25886814698103,1999,Lyon,Poor,Oui,362750.3244610027
42.601592660266064,2011,Lyon,Poor,Non,120052.16290212644
48.252465024609016,2011,Marseille,Fair,Non,143936.58330229277
83.13137412277082,1956,Paris,Good,Oui,914640.6599812533
69.61506638996728,1953,Marseille,Fair,Non,213078.09943017495
109.42741997785822,1955,Lille,Excellent,Oui,384296.5907266963
72.75927773436366,2007,Lille,Fair,Oui,185466.70084978352
57.630888959941245,1971,Lyon,Poor,Non,187445.96106504241
143.96946306764661,1975,Paris,Excellent,Non,1748720.1930797687
93.22671098540393,1952,Paris,Poor,Non,603673.8553197753
102.02584614063771,1990,Lille,Good,Oui,281516.24952139304
57.257554413596296,2009,Marseille,Poor,Oui,155383.76405436874
83.66851826424453,1963,Lyon,Poor,Oui,284706.8371726524
103.32767769129599,1961,Marseille,Fair,Non,314366.3103491881
65.47019267733091,1961,Marseille,Poor,Non,167071.07638014026
111.27094055037016,1962,Marseille,Excellent,Non,444646.61267162324
81.98083930243585,1974,Paris,Excellent,Non,939872.7268889368
91.2491875062017,1994,Lille,Good,Oui,247549.093334177
81.9488016331181,1968,Paris,Excellent,Oui,1044866.4612721717
155.56834553526812,2004,Lille,Fair,Oui,332941.38785697817
99.59508325786199,1994,Lyon,Good,Oui,466862.086231468
68.268672131323,1957,Lyon,Excellent,Non,342163.7154058481
124.67634736309567,2002,Marseille,Fair,Non,392332.08614614094
63.374690500869335,2004,Lille,Excellent,Non,205009.32205460142
106.26590785014267,1981,Lille,Excellent,Oui,328787.74482630397
41.20989628360673,2000,Lille,Poor,Oui,80545.796410448
60.154418533047085,1993,Marseille,Excellent,Non,261741.95405586134
105.90583707607371,2019,Marseille,Excellent,Non,411338.50500263047
122.15399739986232,1967,Lyon,Fair,Oui,515413.60630863527
105.14104843569912,1971,Paris,Fair,Non,1004371.1064329839
96.53055152835279,1986,Lille,Poor,Oui,190600.19434454286
90.96688913232134,2005,Lille,Excellent,Oui,295270.26700126537
55.644340288977176,2008,Paris,Poor,Oui,415861.7582608024
78.40467374815874,1952,Lille,Excellent,Non,207545.30683904205
86.18083687120638,1977,Marseille,Good,Non,306323.1657413779
131.71366678656747,2023,Marseille,Good,Oui,556423.9232030767
110.30854868705384,1984,Lille,Poor,Non,183844.58556656007
47.10879533911798,2010,Marseille,Poor,Oui,114184.44977026647
109.72251908184386,2003,Marseille,Poor,Oui,285099.9129699283
88.4475315875105,2012,Lille,Fair,Oui,215273.74189921262
79.69233999082124,1956,Lyon,Fair,Oui,325010.7097293469
118.35028866522603,1998,Paris,Fair,Non,963649.1643708843
130.92998567487854,1980,Marseille,Poor,Oui,351498.6356061111
127.93840357348596,2007,Lyon,Excellent,Oui,767547.3324416013
74.82347430332085,2010,Marseille,Good,Non,243051.0232628724
90.72362872446357,1973,Marseille,Poor,Oui,239901.71609515362
109.93790294210692,1969,Paris,Fair,Oui,999854.5212954496
129.26635381367078,1986,Marseille,Fair,Non,370680.6095767421
85.6247728646413,1953,Paris,Poor,Non,566535.540024582
94.43023070008549,1969,Paris,Poor,Non,690105.1375638635
66.80995077981916,2009,Paris,Fair,Oui,603867.8265272977
64.11380127757988,1973,Lyon,Excellent,Non,308925.8016118058
124.37577467182594,1999,Lille,Fair,Non,266714.65653076646
140.68720085712468,1998,Lyon,Fair,Oui,612145.6030782781
97.83969635258998,2000,Lille,Poor,Oui,179958.05179762008
130.10598693676073,1985,Lille,Excellent,Oui,414833.2334894915
110.84908075142903,2015,Paris,Fair,Oui,1002396.5831283178
80.64640736184627,1983,Marseille,Fair,Oui,257457.48300906635
110.84186816525242,1985,Paris,Good,Non,1167703.4347462456
146.1410969939791,1955,Marseille,Poor,Non,353602.5405401543
98.92521882670145,1988,Lille,Good,Non,255819.6055514704
146.93930967442017,1991,Paris,Good,Oui,1536307.6297675627
21.40764687730767,2007,Marseille,Fair,Oui,67933.02044185146
124.65707513125672,1961,Lyon,Poor,Oui,449999.2493891392
102.61141204714514,1952,Marseille,Excellent,Non,409462.4367921521
91.02977948602397,1967,Paris,Fair,Non,810365.2181120403
102.75282329606507,1989,Lyon,Excellent,Oui,588937.5816203041
40.372932561973215,1970,Marseille,Excellent,Non,163651.26969181164
93.40984336487465,1964,Marseille,Poor,Oui,270258.9211496273
110.7133771453524,1975,Marseille,Good,Non,376656.2844458676
144.33682134224549,1957,Marseille,Poor,Non,353833.0675107757
84.45189345179058,1991,Marseille,Excellent,Non,363589.36213735864
75.74519191320437,1993,Lyon,Fair,Oui,320841.6230839833
84.9472886924639,1963,Lille,Excellent,Non,254385.1048835603
127.46206353106223,1951,Lyon,Fair,Non,483070.38763005723
109.86253328979053,1986,Lyon,Fair,Oui,430487.99730273156
84.10719388698884,2018,Lyon,Poor,Non,269337.7517249853
115.39802299340069,1987,Lille,Excellent,Oui,364514.2173225351
102.91232648044121,1990,Paris,Good,Oui,1174002.862082647
129.05934971598668,2011,Lille,Excellent,Oui,454196.7562266493
78.93840718367943,2009,Lyon,Excellent,Oui,425662.7529098259
90.17013560206695,1963,Marseille,Good,Oui,367415.78013728635
88.23675540603527,1951,Marseille,Poor,Non,209234.43866245457
56.09455155603644,2019,Lyon,Excellent,Oui,330692.1721501928
108.88360831193728,1966,Marseille,Excellent,Oui,476440.42857969337
107.83165816539668,1977,Lyon,Fair,Oui,455759.15266495844
100.15340369927382,2015,Marseille,Excellent,Oui,463658.53215921955
92.96238599874557,1984,Lille,Good,Non,242812.43713630136
57.53887773848757,1954,Paris,Fair,Oui,514894.26423542015
87.38064031703922,2014,Paris,Poor,Non,662078.1102397345
89.71856450419692,1989,Lille,Fair,Oui,214996.60961280472
75.93168192335143,2005,Lille,Good,Non,189738.31220815712
95.16142865001973,1985,Lyon,Good,Oui,464665.5456000202
112.12152570443615,1994,Lyon,Fair,Oui,463139.0905252175
156.5855770363159,1972,Lyon,Poor,Non,485494.45466458454
105.23733438495516,1996,Marseille,Fair,Oui,345968.94543249777
107.72651172168293,1980,Lyon,Poor,Non,334268.51813758264
97.76662252701499,1960,Lille,Fair,Oui,218314.31017754923
42.43686354102876,1959,Paris,Good,Non,424792.03841910127
99.20458373652349,2016,Marseille,Excellent,Oui,438654.6598729219
101.8069062982308,1963,Lyon,Excellent,Oui,610392.4300239653
173.89726337455858,2023,Marseille,Poor,Non,421261.8191251315
94.22917105656633,1959,Marseille,Poor,Oui,260204.59521198663
109.04642027000837,1950,Lyon,Poor,Oui,393541.83172076644
98.9586469088427,1954,Marseille,Good,Oui,395784.3790079605
64.93965887141404,1969,Paris,Fair,Oui,614231.1078797941
134.28468443545063,1957,Lille,Good,Oui,373546.55086877465
122.55799098060322,1992,Lille,Excellent,Oui,395836.75938192813
123.73095841129141,1950,Paris,Poor,Non,892784.7073791318
72.71837635615783,2006,Marseille,Fair,Non,224092.674331404
142.08382932808297,2013,Lyon,Excellent,Non,706517.5256871312
57.944468116231576,1977,Marseille,Excellent,Oui,269607.003386892
117.60571281400811,1986,Paris,Excellent,Non,1505372.5157246345
165.71366877429935,1996,Marseille,Good,Oui,625119.4410492175
70.28391024607934,1986,Lille,Poor,Oui,129988.84480511725
83.01106811191684,1998,Marseille,Excellent,Oui,373780.04334348446
102.98954095262924,1993,Paris,Poor,Oui,732245.9710486573
84.89573037651402,2005,Lille,Good,Non,212620.27918203146
53.48009706801602,1977,Marseille,Excellent,Oui,244341.59093749002
102.05688924418082,1955,Marseille,Good,Non,357234.0157166524
68.13088858821685,2010,Lille,Good,Oui,190470.79633255972
114.20777291905544,1969,Lyon,Poor,Non,343552.2063003933
72.4172729729859,1951,Lille,Excellent,Non,215779.63944010893
146.4980321505262,2022,Lyon,Good,Non,673747.6682781844
76.50240122991289,1986,Paris,Excellent,Non,893386.6073272661
90.33815451382974,1969,Paris,Poor,Non,643685.084863521
124.40551652109009,1975,Lille,Good,Non,309808.9484337825
63.07407050698134,1978,Lille,Poor,Oui,115870.60068298693
106.82379803812388,1950,Paris,Excellent,Non,1295507.934927249
139.21428262847283,1984,Lyon,Excellent,Oui,812311.2996175238
51.77550296316318,2019,Paris,Poor,Non,374879.23822708207
105.53901575596913,2008,Lille,Fair,Oui,243008.3073557714
107.7964838274527,2018,Paris,Good,Non,1008168.0874202823
123.4546861533193,1982,Lille,Excellent,Non,372754.53727558197
62.891478673657545,2000,Lille,Excellent,Oui,208320.2499481703
60.38630160747171,1961,Paris,Good,Non,568240.3592837673
115.65824696850693,1969,Lyon,Poor,Non,375998.1352448397
108.90954019699558,2002,Marseille,Poor,Non,275346.74848233385
107.5147855103763,1992,Paris,Poor,Oui,790674.181699751
110.39344628490927,1999,Marseille,Fair,Non,316561.30527551594
79.59925835264528,1978,Paris,Fair,Oui,736833.3548990558
106.9676109148301,2006,Marseille,Excellent,Non,431178.6979634705
108.79217419896044,1988,Lyon,Poor,Non,352368.0605344219
78.56945745920896,2005,Lyon,Good,Oui,390762.9303344638
155.9732353343427,1992,Paris,Excellent,Non,1767524.4178578109
114.21498762735362,1999,Lille,Good,Non,272596.5603585696
64.26089508392054,1972,Marseille,Excellent,Oui,310880.34298394585
119.6966082590149,1993,Lille,Fair,Non,272465.5582719652
70.75954989318036,1987,Lille,Excellent,Oui,237288.57211640096
123.61253811227355,1972,Lille,Fair,Oui,283486.6492265737
134.75786737022213,1994,Lyon,Excellent,Oui,780916.6147594708
75.37953044944868,2001,Paris,Poor,Non,541332.2171587702
128.90128387732966,1999,Paris,Good,Oui,1421916.3430001815
112.38342780809495,1957,Lyon,Poor,Oui,355687.95473109843
124.6618047998347,1950,Lyon,Excellent,Non,703235.9929818327
156.9037894796184,1957,Paris,Excellent,Oui,2205777.1415071185
92.63835651991388,1978,Lille,Excellent,Non,285298.0081589957
77.38791506927531,1954,Marseille,Fair,Non,214850.39422653447
73.3145671112343,1996,Marseille,Good,Non,247075.04803067178
75.52569145103685,1983,Marseille,Good,Non,237926.8603804292
97.68694871757688,2014,Lille,Excellent,Oui,347379.92384419206
110.23455924449931,2004,Paris,Excellent,Oui,1427845.2807035586
108.30072397990057,1992,Lyon,Fair,Oui,507165.8812359591
124.81549747108072,2023,Paris,Poor,Oui,1054993.6251661002
100.39005675633722,1979,Lille,Poor,Oui,182867.22200737605
143.6060223147195,1966,Lyon,Good,Non,620544.7088608126
92.06029500286132,1975,Lille,Fair,Oui,217862.7901822397
181.60507499768858,1957,Marseille,Excellent,Oui,761376.9794155024
118.77002043295019,1996,Marseille,Good,Oui,445738.30608614563
74.28527330751152,2021,Lille,Fair,Non,153484.5496402936
67.87322505816662,1995,Lyon,Poor,Non,232480.73717081858
114.47417245729555,2017,Lyon,Fair,Oui,485197.9098355959
93.29611644022448,1982,Paris,Poor,Non,642325.0668712959
121.42001482276275,1950,Marseille,Fair,Oui,381450.8014223369
114.19712873720634,1968,Paris,Good,Oui,1309104.5758010126
97.81513262029382,1980,Paris,Poor,Non,666199.1327846585
74.59618845794785,1963,Lille,Good,Non,182979.27451948848
54.554583259424064,2002,Lille,Good,Oui,144059.54229130968
86.60455143798937,1997,Paris,Poor,Oui,615295.5553606105
125.69196382970416,2018,Marseille,Poor,Non,292409.5523741871
106.42281232390611,2011,Lille,Excellent,Oui,341544.3105223468
62.62783663864036,2015,Paris,Excellent,Non,741108.8992416512
105.19542777553546,2013,Paris,Excellent,Oui,1372627.23184945
111.5595213918651,2019,Paris,Good,Non,1110386.405798817
73.48427691396601,2012,Paris,Good,Oui,787932.2013192755
104.61175317836583,2022,Paris,Excellent,Oui,1473882.9895976067
101.74626155338,1982,Paris,Good,Non,1063489.9973049248
65.71089106508131,1990,Lille,Good,Oui,177626.8374739452
110.7336208104485,1997,Marseille,Poor,Oui,301168.2711665471
116.82353579104704,1962,Paris,Poor,Non,800421.0897140445
132.4915372952583,2022,Lyon,Good,Oui,562496.1587195868
131.6140615610471,1980,Lille,Excellent,Oui,431864.4603956734
58.669918961287266,2017,Lille,Fair,Oui,138904.2969283347
71.86524880254632,1953,Paris,Excellent,Non,788929.8794994707
115.4510580162598,1968,Lille,Fair,Non,249020.18160169493
115.41357852736627,2019,Paris,Excellent,Non,1365237.735906806
115.45143058918143,1962,Marseille,Poor,Oui,313971.5350667788
215.58194471964163,1972,Marseille,Good,Oui,816774.8694113162
117.12671532079501,1950,Lille,Good,Oui,337920.42382671207
134.06696920541796,2003,Lille,Poor,Oui,260180.51485641015
128.62005290479607,2020,Lyon,Fair,Non,516451.20840331604
119.54173753917394,1964,Lille,Fair,Oui,291626.865491807
90.54192266078964,2014,Lyon,Fair,Oui,359188.78381453484
122.76907661479801,2020,Marseille,Poor,Oui,318488.6974822043
76.81524356387284,1964,Marseille,Fair,Non,231077.99369818668
92.89544179779973,1970,Paris,Poor,Oui,700180.5516684155
85.4390935651269,1968,Marseille,Excellent,Oui,386367.46085649595
102.45622418158968,2009,Lyon,Excellent,Oui,646685.8091117494
169.43975700020525,1982,Lille,Poor,Oui,319517.9914907642
43.98204422224755,1998,Paris,Good,Oui,459003.24349952646
120.5878057112354,1984,Lyon,Excellent,Non,621726.7564390671
51.61852386431045,1993,Lille,Fair,Oui,132216.8817452739
85.842044026317,1960,Paris,Poor,Oui,652651.6867172173
132.66851790902098,2021,Marseille,Fair,Oui,404412.10656730225
101.92840057286388,2023,Lyon,Fair,Oui,390878.299492993
67.66765666212082,2015,Lille,Good,Oui,179794.7071199188
78.54088872220095,1995,Paris,Fair,Oui,725799.0085512365
120.38793246804028,1958,Paris,Good,Oui,1383312.9651591463
78.0890010484859,1952,Marseille,Excellent,Oui,371191.74641247716
106.49375768745925,1975,Lille,Poor,Oui,203049.5312050901
101.36715519711441,2021,Marseille,Fair,Oui,324054.0188866935
80.4519895718255,1997,Marseille,Poor,Non,199493.22974772993
164.31832267975977,2015,Lille,Fair,Non,318296.3343731942
119.01757066954033,2019,Lille,Poor,Non,228719.4648022122
39.24572240027179,1977,Lille,Fair,Non,84061.85875920825
105.59362944308283,1975,Lyon,Fair,Oui,461154.6889694567
80.14640605694836,1974,Lille,Fair,Non,159153.22877476114
125.57300004388672,1961,Paris,Fair,Non,1132974.3518893607
76.22437784701899,1954,Marseille,Fair,Oui,240509.61441675262
96.55790675599303,1997,Lyon,Fair,Non,350650.54159443866
115.14961836941372,1986,Lille,Fair,Non,242601.84207930038
125.97265582510364,1993,Lyon,Fair,Oui,526927.4288290351
63.991107788326715,1964,Lille,Fair,Oui,138859.142876275
89.96496292477156,1992,Lyon,Poor,Oui,296602.8464150316
85.75164066517131,1997,Marseille,Good,Non,284241.5967136091
80.40012302278865,2019,Marseille,Fair,Non,227462.53747571987
152.9636272084329,1995,Paris,Good,Oui,1648385.1751307773
112.14945132882866,1992,Paris,Fair,Oui,974380.957979997
62.17348136994865,1970,Lille,Fair,Non,125335.80994479044
127.53585841164329,1972,Marseille,Poor,Oui,359563.6352089596
163.664685910379,1996,Lyon,Excellent,Non,918421.7503012025
130.9739578165344,1964,Lyon,Excellent,Oui,733393.6542153958
54.4189010213796,1974,Lyon,Poor,Oui,195578.29225999993
85.47297781401245,1985,Paris,Good,Non,768932.7959571311
138.00733447559867,2000,Lyon,Excellent,Oui,917553.3792371701
78.76991603143658,1964,Paris,Poor,Oui,643502.0082376197
113.31458284438685,2017,Paris,Poor,Oui,847841.4018596886
123.2390216028801,1970,Lille,Excellent,Non,373484.59300111746
72.19208585265751,1962,Lyon,Good,Oui,329148.69783524063
98.214239318146,1968,Lyon,Poor,Oui,339178.2948661062
20.0,1983,Marseille,Fair,Oui,62949.814532013144
69.2683707599713,2017,Lille,Good,Oui,182168.4675415905
92.4229554582052,2001,Marseille,Good,Oui,346256.7122451017
62.56650454105451,1976,Lille,Excellent,Oui,197537.99576245612
148.97233911794905,1978,Lyon,Excellent,Non,756325.4949917368
57.09575866118102,1977,Paris,Fair,Non,462578.61465604656
86.79866539909048,1984,Paris,Poor,Oui,618737.92941619
103.92221731858274,1957,Paris,Excellent,Non,1296331.7128186135
143.23819867198347,1965,Paris,Excellent,Non,1635374.8775629697
56.92413546461682,1985,Paris,Good,Oui,585892.1869506441
134.8949125646488,1979,Marseille,Excellent,Non,587583.1166831194
100.3069918305876,1967,Lille,Excellent,Non,302999.0962906409
70.55474046856148,1951,Lyon,Excellent,Non,391764.980865453
113.86310422789812,1998,Marseille,Excellent,Non,498498.2799896927
105.9717908672041,1953,Lille,Good,Non,286700.02456792863
81.99349368523616,1956,Paris,Fair,Non,688639.6896801682
102.09406254970057,2023,Lille,Fair,Non,201099.08956950062
88.4405920941472,1988,Lille,Poor,Non,155591.40084649812
103.40552035753744,1962,Paris,Excellent,Oui,1315339.758106015
119.8639202356314,1980,Paris,Good,Oui,1253075.2954337355
147.58050448436057,2020,Paris,Poor,Non,1038084.2844785958
62.865535035194526,2012,Lyon,Poor,Non,206160.35093456027
163.991001239688,2005,Paris,Fair,Oui,1468372.53267059
41.437366014324944,1991,Lyon,Good,Non,196594.64931154586
95.4464471489325,2010,Paris,Good,Non,906571.5397599861
117.64951619453728,1991,Lyon,Good,Oui,573470.2031234554
108.42975603205097,2005,Lille,Fair,Oui,257444.72243429444
81.31901440538218,1985,Marseille,Fair,Oui,259167.26800666118
93.75633248928175,2017,Lille,Fair,Non,181269.28133419369
85.20997196023501,1956,Lille,Fair,Non,186443.51895985848
82.31905729167364,2003,Paris,Fair,Oui,744738.5390008894
125.48806291063075,1950,Lyon,Excellent,Oui,768095.5209412302
110.71046457895142,1993,Marseille,Excellent,Non,433851.17989458295
79.21271214218038,1994,Paris,Good,Oui,822142.2996091743
126.98799626299753,1996,Paris,Poor,Non,926225.2563103095
109.21898562629828,1962,Paris,Good,Non,1107632.0517520225
124.3858635651688,1971,Lille,Poor,Oui,232196.22481688764
118.88886525770836,1970,Lyon,Fair,Oui,506535.3690030717
75.13014967233782,1958,Lyon,Poor,Non,223171.0192581618
83.19456879409091,1975,Marseille,Good,Oui,319355.0271901765
122.41880815369785,1958,Lyon,Good,Oui,606214.7787997203
118.31110796300395,1964,Lyon,Poor,Oui,400019.6099968297
99.37295218107556,1959,Paris,Excellent,Oui,1252828.9652977705
103.51982149926346,1991,Paris,Fair,Non,881601.7076800754
138.32994687365274,2021,Lille,Fair,Non,293015.8991316649
82.25285833492511,1973,Paris,Good,Non,800880.3769309858
116.41292143510113,1998,Paris,Excellent,Non,1323266.077132514
93.93422042698317,1975,Paris,Poor,Oui,721857.0488225761
93.46956390318338,1986,Paris,Fair,Oui,851959.2699399925
132.96330555961572,2017,Lille,Excellent,Non,377855.9198885152
124.7624904696409,1999,Paris,Fair,Non,1061724.4837006892
124.40528908001916,1973,Marseille,Excellent,Oui,617334.6320973278
139.16436421462987,1968,Marseille,Excellent,Non,570471.5955798358
100.63011524898278,2009,Marseille,Good,Non,377775.48629456444
120.45858913884892,1988,Marseille,Fair,Oui,434013.3675261179
90.69199730219631,2023,Paris,Poor,Non,604547.0370156487
109.72499057465326,1967,Marseille,Good,Oui,419495.8283472118
96.09570836896947,1968,Paris,Good,Oui,1164836.6022168535
102.90987894978154,1985,Lille,Poor,Non,177645.27350444708
117.8547107631074,2023,Marseille,Good,Oui,454520.69352697465
75.45337950299583,2004,Lyon,Excellent,Non,372326.4093005159
162.7716182705638,2018,Marseille,Excellent,Oui,731628.786233541
69.81947855500894,1996,Marseille,Fair,Non,212260.03937229273
63.57434161636804,1998,Paris,Fair,Non,604779.7048390261
134.74332620500203,1982,Marseille,Poor,Non,325430.25564865663
123.74988081888807,1970,Lyon,Fair,Oui,475078.3724372986
118.72359451156466,1971,Paris,Excellent,Oui,1453787.3104614906
118.8503652779284,1997,Paris,Poor,Non,829520.4819717271
99.63259681459256,1986,Lille,Poor,Oui,201532.62258004537
73.08236885542506,1964,Lille,Fair,Non,157617.82364843335
102.27413674581179,1984,Marseille,Excellent,Non,436981.3205645546
79.68514865463665,2020,Lille,Poor,Oui,163270.56963753028
129.25359200253254,1981,Lille,Excellent,Non,371309.8560659079
95.58827855493584,1960,Lille,Excellent,Oui,311514.44960912154
75.23508409622465,1959,Paris,Excellent,Non,875531.8881227758
90.3584247504102,2022,Paris,Fair,Oui,833292.0543104016
112.38794362826873,2006,Paris,Good,Non,1066478.4466692386
83.08826341588075,1974,Lille,Good,Non,201691.1087446247
75.33338813300706,1951,Paris,Poor,Oui,576456.6389630241
107.31061634475736,2013,Lille,Excellent,Non,315304.68225306936
107.34899713326169,1984,Paris,Fair,Non,903432.0047597248
84.7917047388661,1956,Paris,Excellent,Oui,1137338.7030449067
85.86885083145032,1967,Lyon,Excellent,Non,488778.6307125433
106.96149812072909,2016,Marseille,Fair,Oui,372580.2769182709
56.55746975508028,1991,Lille,Good,Non,145063.86816444233
57.776086768703344,1988,Lyon,Excellent,Oui,319342.9918358486
78.44667336242692,1990,Paris,Excellent,Non,922393.063518918
93.59658544864459,1973,Lille,Good,Non,228267.4171737303
109.32722696794013,2009,Paris,Fair,Non,898131.0191797573
144.26068650848657,1995,Marseille,Poor,Oui,394301.9466071367
125.72978869606058,1968,Lyon,Good,Oui,569915.4709517997
95.20184410109718,2017,Marseille,Poor,Oui,278002.4792674568
99.42951376291934,1991,Lyon,Poor,Oui,363765.9052140306
69.92411906086573,1981,Paris,Good,Non,713758.7198136997
99.4446059202283,1988,Marseille,Excellent,Non,414217.000726635
91.34024083239586,1985,Marseille,Poor,Oui,259692.86773003248
109.68155681014268,1985,Paris,Poor,Oui,872106.5079568531
75.1830716934303,1952,Marseille,Fair,Oui,256098.0249878183
115.58039542723517,2022,Lille,Excellent,Non,345597.75114143995
145.98216739007734,1957,Lyon,Poor,Oui,548272.1851195731
96.73719554629427,2019,Lyon,Fair,Oui,430521.79953506927
112.05135166296824,1990,Lyon,Excellent,Non,618400.7685466271
120.70431975133337,2017,Lille,Good,Non,320338.9894755682
87.96338584342492,1962,Lyon,Good,Oui,422954.67838998185
106.7227744543125,1998,Paris,Fair,Non,853148.5643079935
100.37777202345384,2009,Marseille,Good,Oui,391829.3892194797
102.93028295646495,1951,Lille,Poor,Non,177066.10910086837
76.809706484336,2009,Lyon,Excellent,Oui,450759.0200503179
100.73530522776828,1954,Paris,Poor,Oui,819975.294552901
114.93994873736348,1993,Marseille,Poor,Oui,311148.3663722851
143.53430823385125,1976,Marseille,Good,Oui,557214.8024761581
128.7781247825562,1981,Lille,Poor,Non,220196.0727426218
164.5954737253467,1970,Lille,Good,Non,426798.3427545738
76.97957311335851,1957,Lille,Excellent,Non,234882.15701158592
126.16961910162034,2021,Paris,Excellent,Non,1579985.1514772705
105.50026017215055,1999,Paris,Poor,Oui,791215.7651800278
165.69408799653016,2016,Lille,Fair,Oui,412165.86479153106
75.75105143934546,1993,Lyon,Good,Non,370527.17125131114
74.80834473457672,2007,Marseille,Good,Non,271966.9322128252
82.01822063667933,1952,Marseille,Poor,Non,190395.5036845765
36.283128270705795,2019,Paris,Good,Non,348038.10604661325
84.22734934957717,1951,Marseille,Good,Non,285681.25297202484
77.22602015338906,1993,Lyon,Fair,Oui,314351.01447014563
104.51181359428622,1951,Marseille,Fair,Oui,337398.55415645783
110.25267927331478,1984,Paris,Poor,Oui,874202.3957498757
156.28512517647658,1979,Paris,Fair,Non,1345742.3200344755
128.5127151455815,1957,Lyon,Poor,Non,406540.8170678897
82.69289033012791,1971,Lyon,Excellent,Non,438014.60583504074
73.04755985954927,1993,Marseille,Poor,Non,177224.73036128966
114.75757514519518,2007,Marseille,Excellent,Oui,550129.7293012321
60.393003789380735,1985,Paris,Poor,Oui,416895.0242472808
154.94376297563062,2018,Lyon,Good,Non,696550.007877372
135.38320362163861,1980,Lyon,Fair,Oui,575740.4539430637
85.92473043685885,1996,Lyon,Excellent,Oui,528469.2574095322
48.605964127273666,2004,Marseille,Poor,Non,112405.91727495873
140.6161712249624,2011,Lyon,Fair,Non,508749.0548712236
96.56380464242146,1979,Paris,Poor,Non,694061.766656986
137.13448935920385,2004,Paris,Fair,Non,1053878.5124458787
52.167170236168985,1965,Marseille,Fair,Non,162860.41799185556
82.01874931138681,1961,Lille,Poor,Non,142928.9988056588
100.1573109915455,1966,Marseille,Excellent,Oui,494663.53967675817
101.40941781294227,1965,Lille,Excellent,Oui,312779.23459773406
86.49803585562269,1961,Lyon,Good,Non,377667.4346481208
118.68549797042496,1957,Marseille,Fair,Oui,338882.5470965731
67.97138711852217,1952,Paris,Good,Non,649215.0268891624
95.7286154493612,1965,Lyon,Good,Non,423896.0202841393
103.60886895135697,1979,Paris,Poor,Non,652667.7765249993
115.43316502176248,1972,Lyon,Poor,Non,354655.77990377654
121.34844634266669,1954,Marseille,Poor,Oui,292110.4603628153
66.26073724486393,2014,Lille,Fair,Non,138571.9656225258
53.976574877931334,1979,Lyon,Poor,Oui,195924.11357361122
138.33030465695526,1970,Lille,Poor,Non,239767.9472806728
109.96942035938775,2019,Lyon,Fair,Non,455277.7542351652
77.5454039033034,1971,Paris,Fair,Non,682708.561104331
146.53455926567568,2021,Paris,Excellent,Oui,2064428.0011848083
103.47023902878576,1981,Lyon,Poor,Non,312017.83703052794
135.3789155219148,1982,Lille,Poor,Non,226153.20451160125
102.02555444230327,1965,Marseille,Poor,Non,252181.4453510047
161.82243774645963,1987,Marseille,Excellent,Oui,686394.2445592111
152.66022527329613,1963,Paris,Poor,Oui,1200771.001274857
92.5310755456278,1985,Marseille,Excellent,Oui,418037.5755785796
129.14712852863067,1972,Paris,Good,Non,1374581.0219580808
119.36127848755443,2015,Marseille,Excellent,Oui,569570.7463707722
141.05894672597046,1951,Lyon,Good,Non,665722.6684778898
71.05229618259686,2022,Paris,Poor,Oui,526397.1758563805
120.58154379995318,2014,Paris,Good,Oui,1395335.3028559333
131.75273460548763,2016,Lyon,Excellent,Non,762343.195669595
47.23781540730657,2001,Paris,Fair,Oui,439745.4617733531
64.50224462002674,2011,Marseille,Good,Non,216786.17452591256
38.823034667196985,1972,Marseille,Good,Non,128470.60900257397
91.91779496666327,1975,Paris,Poor,Oui,749610.2780748801
121.52626767387886,2017,Marseille,Excellent,Non,578439.8420065244
145.07071156288083,2004,Lille,Good,Non,343924.86755664664
102.22284341259325,1955,Paris,Good,Oui,1061344.4205894964
148.85846636713876,1984,Lyon,Good,Oui,768495.2276589366
58.59695625355326,1971,Lille,Good,Non,138420.15441411684
48.89852681934536,1992,Paris,Fair,Oui,478908.7192746067
98.33356903310144,1964,Lyon,Excellent,Non,539672.4809887814
111.52196346817922,2009,Marseille,Poor,Non,272376.8754092073
99.01915755717721,1961,Lyon,Poor,Oui,348192.4093733685
37.9767369988037,1998,Lille,Fair,Oui,89219.53847844164
97.32639881461635,1991,Marseille,Excellent,Oui,443451.53688185953
60.865914984854406,1987,Paris,Good,Oui,608872.3878894368
120.09017646490115,1994,Marseille,Fair,Non,359173.1978805071
110.99794738290545,1984,Paris,Excellent,Non,1434150.484396452
71.80360641017934,1979,Paris,Good,Oui,724030.2900902721
84.5839924798992,1979,Lyon,Fair,Oui,336699.4630337188
68.22359434333146,1955,Lyon,Excellent,Non,372041.3672731448
98.11962708180485,2016,Lyon,Poor,Non,309392.6775424072
128.65426961503715,1956,Lille,Poor,Non,227344.82093607888
70.4282186099337,2001,Lille,Excellent,Non,202565.14844332213
115.12139546553533,1963,Lyon,Poor,Oui,419595.61046008335
84.09227144882678,2022,Lille,Excellent,Non,252748.1292082549
76.21381503212967,1964,Marseille,Good,Non,272939.7917780895
96.78908920136327,1970,Marseille,Excellent,Oui,450705.37058148545
68.94273032741877,1984,Lille,Good,Non,171851.66410299504
83.39052083958454,2015,Lille,Fair,Non,182364.2670114832
64.06366322233454,1951,Marseille,Excellent,Oui,293870.9795804839
158.94175398749167,1984,Paris,Fair,Oui,1395908.6232687102
101.05790655915186,1969,Marseille,Poor,Oui,284925.5733779733
79.00823476022244,1959,Marseille,Good,Non,284457.66469850024
106.41939732202665,1974,Lille,Excellent,Non,282942.7571903875
96.6301585092751,2015,Marseille,Fair,Oui,305471.57399926166
93.37091201400332,1974,Lille,Good,Oui,267259.0286915815
118.42500100130276,2003,Lille,Good,Non,268064.1643837037
122.72523130141916,1982,Lyon,Poor,Oui,443611.8961854987
84.08496557168418,1985,Marseille,Poor,Oui,223517.9697440267
82.7254527806596,1963,Paris,Good,Oui,967381.6635527802
91.74844908545067,2014,Lyon,Good,Non,412344.375927457
30.942365057932456,2003,Lille,Excellent,Non,88261.21174196819
54.54426813404344,2001,Lille,Good,Non,137293.49377070254
141.00622802333572,1952,Paris,Excellent,Non,1685190.5735882954
149.34903140503852,1990,Lille,Good,Non,356604.0219217998
92.52891881330865,1955,Marseille,Poor,Non,249157.44931188266
117.29670889167299,1974,Lyon,Excellent,Oui,659772.415665472
109.33750463630608,1962,Lille,Fair,Non,203946.0477026041
192.36642425365713,1957,Lille,Poor,Non,360734.04352992045
133.5872473430373,1970,Paris,Excellent,Oui,1708440.2749138838
96.162472255577,2017,Marseille,Excellent,Non,397475.5411124034
71.33378678198723,1974,Lille,Fair,Non,146784.677472728
51.80661039227282,2017,Paris,Excellent,Oui,663920.6875862961
106.10390907601669,1994,Lille,Good,Oui,279020.7585958962
77.3094776414709,2009,Paris,Fair,Oui,686150.1656856124
57.33238871206977,1961,Paris,Poor,Non,400414.07236159197
80.6028134727242,1981,Marseille,Poor,Oui,211236.2778636032
67.55355989156814,1962,Lille,Good,Non,171838.01433532624
150.61424905217694,1980,Marseille,Poor,Non,376333.5664938587
126.44919270848351,1969,Paris,Excellent,Non,1443873.4511545964
99.76082076050147,1967,Lyon,Excellent,Non,538192.9412926575
144.39832416670077,2009,Lille,Good,Oui,387991.5436451321
102.32104922942855,2012,Lyon,Poor,Oui,336524.0575062122
74.1614739601521,1955,Lille,Poor,Non,131758.1409462321
145.69372231808973,1981,Marseille,Good,Oui,555167.4838148331
116.16730131053976,1992,Marseille,Fair,Non,337223.0168838786
68.88261537020631,1951,Marseille,Poor,Non,159097.32703489639
94.28983965749175,2009,Marseille,Fair,Non,265490.0945988248
73.73145239845728,1972,Marseille,Poor,Oui,216264.22175564876
58.51600807106991,1980,Lyon,Poor,Non,185839.0263996036
127.78532642594924,1954,Marseille,Poor,Non,293677.5037271382
157.28249921410392,1983,Paris,Poor,Oui,1226905.3872843643
58.04297278542576,1959,Paris,Excellent,Oui,802333.538488998
116.88907710071713,1951,Lyon,Fair,Oui,492488.8055984498
80.48072292634518,1960,Lille,Fair,Oui,197850.43448762113
85.38623848705912,1999,Paris,Poor,Non,550788.913672965
82.22818227283392,1980,Lille,Poor,Oui,141003.67209606373
74.08027690960552,2005,Lyon,Fair,Non,286230.0133144056
101.45564883834481,2022,Lille,Excellent,Oui,339298.41207049566
75.07149650766887,1958,Lille,Good,Oui,168951.3092326813
108.11370477339517,1970,Lille,Good,Oui,285165.4349800354
98.49285671652589,2022,Lille,Fair,Oui,218527.20048700608
92.8315585940077,1977,Lyon,Poor,Oui,297591.02148200036
72.77309013875207,2011,Paris,Poor,Oui,531550.5915026031
82.69686008295002,1956,Marseille,Excellent,Non,353471.92553514184
122.66173677477268,1965,Lille,Good,Oui,317080.3083945483
115.02751562873142,1953,Paris,Excellent,Oui,1439270.7279930145
70.67334265604347,1953,Paris,Good,Oui,710894.3306955562
102.97996916287677,1989,Lyon,Fair,Oui,459038.33761604084
122.54161370115366,1966,Paris,Good,Non,1249083.391034304
49.917841566358845,2001,Lyon,Excellent,Oui,258232.47524713058
116.30080577139805,2001,Lille,Excellent,Oui,363500.3844763146
80.1212872316246,1985,Lille,Excellent,Oui,268745.2405943779
117.11796005779478,1987,Marseille,Fair,Oui,405983.82141524047
77.1022253037245,1999,Marseille,Good,Non,279900.5805476139
45.853536980064426,2012,Marseille,Good,Oui,172748.31090963935
51.173726863505124,2012,Paris,Excellent,Non,554132.8007622198
101.44254839984146,2011,Lille,Good,Oui,290359.4346046864
107.79167505164446,1956,Lyon,Poor,Non,332158.6332328673
72.87050124686775,1976,Marseille,Poor,Non,177461.64981202732
119.15777376332122,1963,Lyon,Poor,Oui,406891.3372011479
50.1543981319312,2020,Lyon,Good,Oui,231232.70444272668
98.0176060405805,1954,Marseille,Fair,Non,293884.0071546871
63.66951400712631,2004,Lille,Fair,Non,135970.06225450736
80.44491676593522,1951,Marseille,Fair,Oui,254311.3224891007
101.42196013949243,2011,Lyon,Fair,Non,396511.49882238224
74.18759904148143,1970,Marseille,Poor,Non,167512.5789892024
88.46333367310524,1970,Lyon,Poor,Non,273046.91286689707
130.1887842764332,1959,Lyon,Excellent,Oui,770036.0209285732
82.69324391430554,2007,Marseille,Good,Non,263543.39919931785
125.07076336195425,1988,Paris,Good,Non,1245342.213963195
66.10879436027146,1954,Marseille,Fair,Non,200803.9674313743
115.89412533745849,2014,Paris,Poor,Oui,878475.6694475894
143.247058619737,1962,Lyon,Fair,Oui,598790.3701900417
25.850664996181322,2002,Lyon,Excellent,Non,142161.457462917
76.0931423358857,1994,Paris,Good,Oui,819176.6483187161
117.3121638154162,1981,Lyon,Good,Non,517926.31749301637
93.90863841871023,1985,Paris,Fair,Oui,824669.813321305
111.13437620113926,2009,Paris,Excellent,Oui,1464888.9122017166
81.88044439852538,1960,Lyon,Good,Non,359146.62845590134
102.597693624187,2012,Lille,Excellent,Oui,346209.5262147665
95.32968293823761,1970,Paris,Excellent,Oui,1290138.9490161513
135.0334618497942,2001,Marseille,Fair,Oui,458260.8617175477
107.63262529903639,2004,Marseille,Poor,Non,256316.31009689454
110.12807986225607,1975,Lyon,Fair,Oui,410894.9915845774
87.64369101632597,2017,Lille,Poor,Oui,174690.86592136018
85.3718132778252,1983,Lyon,Excellent,Non,468432.2700023837
87.02325436541138,2001,Lille,Poor,Oui,161341.19718404912
111.8335642713489,2001,Paris,Excellent,Oui,1515603.1491342038
87.37046557539212,1978,Paris,Good,Oui,889118.1869288465
108.69324570689238,1987,Paris,Good,Oui,1255074.9597612035
162.26202395936315,1991,Paris,Good,Oui,1753323.5127219195
126.13374110295076,1970,Marseille,Fair,Non,357495.33276125864
90.21929403496476,1991,Marseille,Fair,Non,258700.1870943851
136.03641766491833,1962,Lyon,Excellent,Oui,794659.0374508618
87.75773880935346,2013,Lille,Good,Oui,240584.19913715302
38.856263944664384,1966,Paris,Fair,Oui,361465.0482250058
69.75741067247787,1958,Paris,Good,Non,679360.8405049617
43.87624236922433,1990,Lille,Fair,Non,92711.03473148661
89.45459547876074,1950,Lille,Poor,Oui,169421.20150585982
100.55255137568655,1951,Lyon,Poor,Oui,334413.8967078189
150.2931193682585,2009,Lille,Good,Non,360017.4107197158
109.80782121292488,1997,Paris,Excellent,Oui,1491717.2091864948
93.42698413573407,1978,Paris,Fair,Non,812942.2473887504
124.88216743550467,1959,Paris,Fair,Non,1061760.5387882919
33.66594072976345,2007,Paris,Poor,Oui,270521.8545881398
107.06843674325698,2009,Paris,Poor,Non,675506.8419232586
123.12595581660901,1970,Lyon,Excellent,Oui,707265.7386568683
55.64241262660475,1977,Paris,Excellent,Oui,689092.610686765
134.31262129620788,1983,Lyon,Excellent,Oui,884810.3120217151
110.15489222483242,1957,Paris,Good,Oui,1251097.9625678326
87.54136258297596,2008,Marseille,Poor,Oui,234377.77640863703
118.98345598318855,2021,Marseille,Good,Oui,475894.50107018213
168.12078573413189,1998,Marseille,Poor,Non,433924.6043625062
105.45598765175485,1966,Marseille,Poor,Non,270507.8946761817
107.44661758901009,2009,Lyon,Fair,Non,429256.67054161034
86.21917301379267,1994,Lyon,Poor,Non,266989.0068553251
74.50466891605625,2018,Lille,Poor,Oui,139600.94971773445
124.91007449632737,1981,Paris,Good,Non,1186960.6192246478
74.31748522273398,1993,Marseille,Poor,Non,185539.80665321936
102.14698711658177,2014,Lyon,Good,Non,455512.5839534777
85.6702765970465,1957,Paris,Excellent,Oui,1102856.82593057
114.36939477239176,2021,Paris,Poor,Non,781642.9950996459
110.00986315860845,1992,Lyon,Poor,Oui,407502.3681147494
131.12619832773697,1950,Marseille,Good,Non,476926.6864032185
84.69950803435759,2000,Lille,Excellent,Oui,303359.93007529713
91.90375194119886,1973,Paris,Fair,Oui,879581.9527526868
70.63708852653077,1973,Lille,Excellent,Non,209446.01592597298
86.67120219771665,1966,Marseille,Good,Oui,330074.360420223
111.31901479134557,1954,Marseille,Excellent,Oui,483672.79753321916
122.70965849936056,1969,Lille,Good,Non,284849.0546469644
72.33504027467124,1970,Marseille,Good,Non,256826.39324242627
126.08817760316981,2007,Paris,Fair,Non,1020973.702414401
140.66913576414854,1980,Lille,Poor,Oui,271939.1878998698
112.40304709671102,1960,Marseille,Good,Oui,453171.4161032046
156.303874376742,2001,Lille,Good,Oui,414310.9531539088
76.78632402689281,1964,Paris,Fair,Non,715487.8528738215
62.66035890065749,1956,Marseille,Good,Oui,225737.75922604653
46.63839253287164,1977,Paris,Poor,Oui,374996.2549513265
144.8813293446755,2000,Marseille,Fair,Oui,483047.6796314765
119.63096969062173,2007,Lyon,Poor,Oui,438576.6295732593
98.33245987268634,1954,Marseille,Poor,Oui,247671.4349273106
108.3990587895946,1954,Lille,Fair,Oui,278960.7845938046
66.2353285810487,1957,Marseille,Good,Oui,249074.518261055
173.37255938850478,2013,Paris,Poor,Non,1254269.1550111477
103.87663545925683,1959,Paris,Poor,Non,777214.1128730936
103.28184383814678,1987,Marseille,Poor,Non,244134.46915166816
121.77299871696077,1957,Lille,Poor,Oui,241405.07509855216
114.4302769521014,1974,Lyon,Fair,Oui,460646.25909962057
106.71652072837394,2022,Lille,Fair,Non,242521.3004034552
76.28576633664065,2015,Lyon,Excellent,Oui,435342.7114254318
114.14405071407987,1999,Paris,Excellent,Non,1370862.9263229766
156.460734894251,2016,Lille,Poor,Oui,305484.17788538
140.36260138464934,1998,Lyon,Good,Oui,720555.1725165319
147.79559879918193,1985,Marseille,Poor,Non,396239.0550538689
84.66352970706444,2017,Paris,Good,Non,827160.5615385136
70.31185539224258,1990,Marseille,Poor,Non,180814.4439523334
96.22639239701056,2011,Paris,Excellent,Non,1267614.3862457064
101.67174736866083,1959,Lille,Excellent,Non,303610.48416007636
132.82574555412845,1970,Lille,Good,Oui,352335.1234925814
49.22606110855542,1985,Paris,Poor,Oui,344881.3953866027
145.88650958381842,1961,Paris,Good,Oui,1752069.8184555615
95.25976304263031,1951,Paris,Excellent,Non,1124819.2644523915
87.1935679015774,1962,Lille,Poor,Non,142887.5894489849
69.63686874219496,2002,Lyon,Poor,Non,203740.53027538254
50.354299844026905,1981,Marseille,Good,Non,165357.5690531916
124.69511751885744,1965,Marseille,Fair,Non,385404.2270611869
102.19953901565212,1981,Lille,Good,Non,266749.33615584584
61.301173007768384,1981,Marseille,Excellent,Oui,289515.30124077114
61.147636838091515,1960,Paris,Excellent,Oui,808237.672482255
89.92645902129615,1959,Lyon,Excellent,Oui,496874.76964611135
150.0706457586818,1964,Marseille,Excellent,Oui,664206.54590632
92.21225945909185,1966,Lyon,Excellent,Oui,513817.5969048079
54.90571140645682,1989,Paris,Fair,Non,478535.1799398141
92.62770807742167,1967,Marseille,Poor,Non,212983.65596828205
91.8182929075699,2004,Lille,Good,Non,220383.837245376
20.0,2022,Lyon,Good,Non,89075.22484272171
98.37115400446564,1974,Paris,Excellent,Non,1079148.2172663994
93.07196409373967,2008,Lyon,Good,Non,419001.4170742571
120.88619094440256,1971,Marseille,Excellent,Oui,552022.7300618617
155.46868284836034,1979,Marseille,Fair,Non,487879.5726000618
133.7969508864327,1993,Lille,Fair,Non,271399.88133232296
91.93333928335508,1981,Paris,Poor,Non,600322.3556130908
66.8042227377499,2000,Paris,Fair,Non,556214.7455498904
177.20079409749582,1995,Lille,Fair,Oui,390183.6959425551
101.77655302043465,1970,Lille,Poor,Oui,194220.35256077274
100.41787875738838,1981,Paris,Good,Non,908843.3738457581
99.27624738669991,1988,Lyon,Excellent,Oui,569548.1877649536
105.94254282303567,1961,Lyon,Excellent,Oui,596122.5583893954
95.66918764228171,1996,Lille,Good,Non,244522.83340318082
82.79013979359291,1967,Lyon,Poor,Non,248305.47859419498
83.59423176278824,1970,Paris,Good,Non,760912.8949519548
99.01740189352005,1962,Marseille,Fair,Non,288995.7848108001
83.69725686598706,1970,Marseille,Poor,Non,206417.81515658935
78.61462651968507,1957,Lyon,Poor,Oui,266161.34917550336
103.19290683075691,1995,Lille,Poor,Non,174083.74630741574
92.35068347737435,1956,Lille,Excellent,Non,263806.16625267355
145.11978965748065,1972,Lille,Good,Non,362233.66523826093
20.47090574820964,1971,Lille,Poor,Oui,35704.23675326595
132.74520555767384,1971,Lille,Poor,Non,226664.17930984494
137.38255577492887,1978,Lyon,Poor,Non,447322.61693333305
37.79829302775552,1962,Marseille,Good,Non,120787.8672388298
89.71937217758953,1951,Marseille,Excellent,Oui,408791.0122208515
88.85677402012625,1978,Lyon,Fair,Non,307695.2022414249
57.774649158465365,2001,Lille,Excellent,Non,173903.50383580985
76.66549937227374,1976,Lyon,Poor,Non,228079.60172893506
66.68272463602514,1999,Marseille,Excellent,Oui,322045.5674791506
152.56811330270867,1972,Paris,Excellent,Non,1692726.7247247472
128.07035179442383,1993,Lyon,Fair,Non,499350.51655449544
138.14665284982476,1971,Lille,Good,Non,363641.72865532356
121.65016192129704,1992,Marseille,Good,Oui,442547.4940439459
66.12844686348313,1986,Marseille,Excellent,Non,263588.758245344
84.26439201160679,2010,Marseille,Excellent,Non,336402.067563998
114.68123683683754,2005,Marseille,Good,Non,390706.5239497922
63.336165733241636,1952,Lille,Good,Oui,174618.0892639502
121.38995290517164,2012,Paris,Fair,Oui,1102245.1849866805
92.79023805525595,1968,Marseille,Poor,Non,212744.22452200268
88.75537577351209,1972,Lyon,Excellent,Oui,470906.30281558627
121.32879904610475,1978,Paris,Good,Oui,1438783.4450526065
113.3278993445812,1979,Marseille,Excellent,Oui,564348.6075306084
89.17101502542761,1988,Paris,Excellent,Non,1097805.8179844823
134.77989410092744,1974,Lyon,Good,Non,579535.5499999401
67.56810017200308,1957,Marseille,Fair,Oui,226133.72608299533
118.47806820832791,2007,Lyon,Excellent,Oui,735967.5886748919
117.79303773905151,1965,Lille,Fair,Oui,269117.79010350944
90.7136068205803,2021,Marseille,Good,Non,318004.0343290857
109.78399066726354,1950,Marseille,Poor,Non,282786.7460458638
62.466592708440906,1954,Marseille,Poor,Oui,152065.14377987373
127.72081057620703,1952,Marseille,Excellent,Oui,614537.8945929678
94.45293590671032,2014,Lille,Good,Oui,255189.0087679771
84.31830938442882,1953,Marseille,Fair,Oui,257447.28443427436
131.47027677510667,2013,Paris,Excellent,Non,1495744.5150905843
78.86968928371722,1959,Marseille,Good,Oui,287099.302356099
57.74616110909321,1970,Lille,Good,Non,133094.1449754016
53.301124794282885,1995,Marseille,Fair,Oui,188401.0885393283
118.1802985403692,1976,Paris,Excellent,Oui,1595047.470731945
61.58711942511151,2015,Lille,Good,Oui,177857.51611086843
152.64382545953094,1990,Lille,Good,Oui,429651.22008900176
37.542117763488335,1962,Paris,Good,Oui,410807.09383928776
150.89369104870116,1958,Paris,Fair,Non,1284574.934813834
106.33052401607856,1985,Paris,Excellent,Oui,1373143.3769379868
97.09860664388823,2007,Paris,Excellent,Oui,1260360.384112319
83.65242739573151,2003,Paris,Excellent,Oui,1025181.3881267066
111.97408343056212,1961,Lille,Excellent,Non,350108.25890323165
98.87095892725455,1963,Lille,Poor,Non,155396.0808232067
133.09905646049566,1983,Marseille,Poor,Non,307473.38497016556
103.4268294598612,2002,Marseille,Excellent,Non,476640.53477413306
104.50905284385632,1969,Lyon,Fair,Oui,440126.99264812924
89.09163363358432,1965,Marseille,Poor,Oui,239943.70042155142
98.29163128836798,2019,Marseille,Good,Oui,390198.18832222203
109.23405306676177,2005,Paris,Poor,Non,705134.5300764578
48.69494822030124,2007,Paris,Good,Oui,497445.7075676648
59.55443733682861,1953,Marseille,Excellent,Oui,264439.29433795944
122.29792282068145,1953,Lyon,Poor,Non,365465.23041932384
105.12596314383826,1969,Paris,Fair,Non,887893.0245446655
94.48049990941962,1959,Marseille,Poor,Non,234766.6737142119
100.5530179919618,1973,Marseille,Poor,Oui,287712.99375962635
110.42745116085013,1975,Lille,Poor,Oui,219230.60531230117
83.80720959071915,1986,Lyon,Excellent,Non,427893.83900774043
76.65085823793062,2003,Lille,Fair,Oui,174848.89559431514
105.87535765293045,1970,Lyon,Poor,Non,320890.4635818214
70.64881667154904,2023,Paris,Fair,Non,569951.6020498895
112.24758267143416,1987,Lyon,Excellent,Oui,622982.8271506173
48.92249187286479,1995,Marseille,Good,Non,183906.9630278301
130.87466911976932,1953,Marseille,Poor,Non,318327.2350522794
114.1779244723913,2009,Lyon,Fair,Non,431203.7992473519
107.68089202941627,2006,Lyon,Fair,Oui,463175.54277518555
129.48072951836542,1994,Lyon,Excellent,Non,716007.5576701483
149.9642333338773,1969,Lille,Poor,Non,275085.80661194737
130.4311019505439,1966,Lyon,Good,Non,562323.5538766928
44.773773060050644,2020,Paris,Fair,Non,388066.98995800136
61.61269099792895,1953,Lille,Poor,Non,100538.18305603968
81.25544266912964,1963,Lille,Good,Non,198186.18477230152
100.782731506325,1952,Lyon,Fair,Non,383518.96221069834
115.5297706140737,2007,Paris,Fair,Oui,1087746.1729591521
78.22768560539603,2004,Lille,Good,Oui,215206.71541179734
105.60300293431234,1953,Marseille,Good,Non,380736.4432011314
77.33851202940032,1973,Lille,Excellent,Oui,244333.48085683509
81.65446591024156,1983,Lyon,Poor,Oui,283909.9655861056
57.80016709455333,1979,Paris,Poor,Non,387733.24413138506
72.30300261667287,1968,Lyon,Excellent,Oui,487964.2970517897
59.44946183150999,1980,Marseille,Fair,Non,167004.94451553797
70.72380241068002,2009,Marseille,Good,Non,238137.839432151
131.60925389823518,2009,Marseille,Good,Non,480178.1039432567
71.51803333504171,1968,Lyon,Good,Non,312180.51207671815
178.97146194512172,1998,Lille,Fair,Non,395952.32433153904
114.79953702642668,2012,Lyon,Good,Oui,571940.4719565121
105.54508371084621,1971,Paris,Good,Non,1031576.9372414133
74.2492665945636,1973,Lille,Excellent,Oui,232561.16560870546
121.00929638226974,1979,Marseille,Fair,Non,343966.42633742135
82.73086521286679,2007,Lyon,Poor,Non,254906.91065365344
103.66029443936084,1980,Marseille,Excellent,Non,428959.8824804969
176.80253614806384,2013,Marseille,Excellent,Oui,782156.7314489705
97.11820300826051,1968,Paris,Poor,Non,674165.1657705018
134.47819978857027,1997,Lille,Excellent,Non,379833.02446654614
78.90470724622338,1994,Paris,Fair,Non,694715.5926764455
98.95034528509115,2004,Paris,Good,Non,1035327.0029992764
153.1240190690653,2004,Paris,Fair,Oui,1380388.0494455758
81.19098826636697,1967,Marseille,Poor,Non,189438.14631905893
154.37345673990785,2012,Paris,Poor,Oui,1198783.7755354913
121.23255806366426,1996,Paris,Excellent,Non,1545046.5470193012
83.12599672317197,2006,Lille,Fair,Oui,207846.4250862113
118.97223217166562,1994,Lille,Fair,Oui,257288.49130917396
129.17663348880188,1982,Paris,Poor,Non,948189.3455719011
118.65429886651589,1966,Lille,Fair,Non,248906.96742371487
52.89325840328631,2019,Lille,Poor,Oui,101412.64174458302
78.18588472525394,1953,Paris,Fair,Non,678257.4593935611
92.57444093345485,1969,Marseille,Fair,Non,266504.67380207265
97.76699712699862,1996,Paris,Fair,Non,875333.2010999945
118.62016292652034,1964,Lille,Poor,Oui,242126.99477147294
105.33103002799761,2019,Marseille,Excellent,Non,474391.30825789296
59.939669238696965,1996,Lyon,Fair,Non,207051.3011373135
111.4059355301789,1958,Marseille,Poor,Non,267526.8825614119
118.3175723585147,1965,Lille,Poor,Oui,203671.0863217766
116.79371343793119,2018,Marseille,Fair,Non,333920.7946357971
132.42342176663865,2010,Paris,Fair,Oui,1089158.7122066987
125.01766463646712,1959,Lyon,Excellent,Non,686306.2334872822
113.7754023768531,1999,Lyon,Poor,Oui,397581.6562418452
97.89502865624058,1952,Lyon,Poor,Non,299233.80211519636
50.17117199452027,2019,Lille,Good,Non,120226.21584673769
112.88854657397758,2000,Lille,Poor,Oui,219784.0616078235
106.23063061489333,1968,Lyon,Excellent,Oui,595589.9873267626
108.1473651158612,1991,Marseille,Good,Oui,392177.6775679931
61.69754272539071,1984,Lyon,Good,Non,259067.30576112375
67.56830378775213,1995,Marseille,Good,Non,232643.53418641875
131.5945855999871,1975,Marseille,Fair,Non,378073.53209410986
98.81334538430035,2018,Lille,Fair,Non,205694.1745483742
120.44502092117874,2013,Marseille,Poor,Oui,332633.7204884901
100.84955128391378,1986,Lyon,Good,Non,473689.7744296649
100.8926841848723,1998,Lille,Excellent,Non,322956.35001540394
128.14851417927994,1970,Paris,Fair,Non,1090235.7171645516
84.51865815347878,2023,Paris,Excellent,Non,1031789.513796864
102.8836233082295,2013,Lille,Excellent,Non,310899.0176154314
86.13174133884871,1954,Lyon,Fair,Non,299149.5944647872
86.96511317703053,2019,Paris,Fair,Non,725330.8228526395
90.72483629594082,1953,Paris,Fair,Oui,829533.3367217233
106.66401314901138,1988,Marseille,Fair,Non,307729.8210872499
85.63754135009569,1984,Marseille,Good,Non,297121.9485548946
137.67268376720563,1950,Lyon,Good,Non,609068.9735757313
73.16178093341489,1973,Lille,Good,Non,171460.03116705653
94.39385067515923,2006,Lyon,Good,Oui,462738.69609621435
86.80806825177476,2019,Lille,Poor,Oui,161579.73943541452
143.409336530612,1990,Paris,Good,Oui,1369284.4771078182
105.89664329534723,2003,Marseille,Fair,Oui,321426.10805101314
130.95533618405904,1995,Lyon,Excellent,Oui,779410.3980445743
55.43318880889084,2009,Lyon,Good,Oui,288504.6808879333
108.01150797607777,2009,Lille,Poor,Non,165619.33819135083
126.68892386870311,2006,Lille,Fair,Oui,282442.79430083674
102.46851967826272,1980,Lyon,Excellent,Oui,618826.859188834
131.96441125196054,1973,Lille,Excellent,Non,410082.45195067674
84.48134649698883,1985,Lyon,Good,Oui,407298.5118970859
142.2804232055674,1979,Lyon,Excellent,Non,739476.8889418205
168.9669437085775,1973,Lyon,Good,Non,804016.1630319124
89.11484318681023,1979,Paris,Good,Oui,1016708.7807440194
86.63492435797684,1956,Lille,Fair,Non,188988.69252395764
143.60153431353103,1984,Marseille,Fair,Oui,457111.7782791112
147.38716437192136,2004,Marseille,Poor,Oui,418513.9665106486
84.31419918540195,1963,Lille,Fair,Non,159402.63084270494
87.39439548712427,1959,Lyon,Fair,Non,350272.3928476645
91.54646173418477,1965,Marseille,Good,Oui,348047.1967449689
59.66648466897169,2003,Marseille,Fair,Non,177753.8793812837
72.44044160547405,2019,Lille,Good,Non,172303.60467442602
69.87577699743797,1993,Marseille,Good,Oui,243070.76082699516
76.96607304687615,2022,Lyon,Fair,Oui,325484.66612917226
98.95945337839656,1994,Lille,Poor,Non,176874.5942303872
107.02644197609561,2005,Lyon,Poor,Oui,383118.9753145313
146.5150147844223,2006,Marseille,Excellent,Oui,695806.3012451602
70.04937877783627,1970,Marseille,Excellent,Oui,325955.89758408
129.52967195429753,2017,Lyon,Fair,Oui,519510.9601979659
93.58033467323473,1999,Paris,Poor,Oui,747220.0992701654
98.51608871042701,1982,Marseille,Good,Oui,357456.65427830926
120.24458476499811,1956,Paris,Excellent,Oui,1670350.2900701312
66.31833935313104,2019,Marseille,Good,Non,230890.56834619408
111.47229238552151,1964,Paris,Excellent,Oui,1463753.535745316
104.99356624639168,1981,Paris,Fair,Non,929178.2966490822
114.77353792024446,1969,Paris,Poor,Non,841623.1081305407
108.67505931723454,1964,Lyon,Excellent,Non,605718.8904705622
173.65900419732682,1997,Paris,Poor,Oui,1281322.7167573557
80.86780047246052,2020,Paris,Good,Oui,923238.8907992181
84.07009134994547,1970,Paris,Fair,Non,683282.0128822698
81.30578420725706,1991,Marseille,Poor,Oui,226430.74884831437
83.33568642519236,1975,Paris,Fair,Non,655943.274616923
80.87838618080447,1963,Marseille,Poor,Oui,214608.7918609674
135.67049593322656,2006,Paris,Good,Oui,1430172.1999747388
142.61512743969564,1986,Paris,Good,Non,1486201.6224790788
82.87761118751571,2007,Lyon,Fair,Non,333919.8534197391
75.02933280687314,1970,Marseille,Good,Non,262488.651035317
114.14246669159212,2018,Paris,Excellent,Oui,1518794.9422711714
83.43330867157086,1952,Marseille,Poor,Non,208999.9787622958
118.98795453266533,1986,Marseille,Good,Oui,481575.8079703533
106.087690625539,1998,Lille,Excellent,Oui,349023.2900639744
54.527676550083044,1968,Lyon,Fair,Oui,221140.70103932061
146.42515603990185,1961,Lyon,Excellent,Non,812383.0945899657
153.87633019286565,2010,Lyon,Fair,Non,533337.0545719789
81.61633928546841,1990,Lille,Fair,Non,179812.25670558156
88.36895320192048,1982,Lille,Poor,Oui,162510.15008845073
108.57596172174715,1999,Lyon,Poor,Oui,370745.8934999843
110.03370369961075,2017,Lille,Excellent,Non,344781.3520002923
119.75632818018491,2020,Lille,Poor,Oui,225590.7413719821
160.3061361629905,1982,Lille,Poor,Oui,316909.14213071077
94.69158317517852,1973,Lyon,Poor,Non,313377.4383954329
76.05108266384639,2010,Lyon,Excellent,Non,412090.62161426805
58.62042315956418,2010,Lyon,Good,Non,267188.8786370948
78.07209880174243,1977,Lille,Poor,Oui,147592.60250401488
99.00619081378609,2007,Lyon,Poor,Oui,344381.00015706546
153.83673590553363,1992,Lille,Excellent,Oui,477329.3497290438
84.47166102891485,1990,Paris,Good,Oui,913698.836585698
106.71363854916696,1988,Lille,Poor,Oui,190895.62525685804
99.50731311781743,1998,Marseille,Fair,Non,281675.6190595389
135.65179820344252,1966,Lyon,Excellent,Oui,721631.0657708965
175.80797277620866,2019,Lyon,Poor,Oui,617018.5020668354
84.07393681239039,2019,Marseille,Poor,Oui,245534.57635625132
85.31681672445333,2014,Lille,Fair,Non,176748.3695363143
131.32482631207216,2023,Paris,Fair,Non,1170083.5232324258
120.45674468878934,1954,Marseille,Excellent,Non,529957.363550312
155.40121977208102,1951,Marseille,Excellent,Oui,670378.2606727536
117.51784555977892,1971,Lille,Fair,Non,235299.80405081465
89.22123727638821,2006,Lyon,Excellent,Non,504529.24065586855
117.71964492076928,2015,Lille,Fair,Non,248618.53228601874
133.26110741748724,2023,Marseille,Poor,Oui,335924.0584915041
124.61446543592093,1965,Marseille,Fair,Non,356495.295791377
115.21822093321893,2000,Lyon,Fair,Oui,493807.28025560157
132.00024068767462,1988,Lyon,Good,Oui,625561.8326967547
135.0788677133702,1989,Lyon,Fair,Non,443718.60189998534
141.4647697311258,1987,Lille,Fair,Oui,323647.93171536684
119.46129662768928,2009,Lyon,Good,Non,530357.2662006837
94.98645759049437,2008,Marseille,Excellent,Oui,437983.39214663603
104.40141059299968,1959,Marseille,Good,Non,384950.47851745196
136.1952689952507,2013,Paris,Poor,Non,955532.1958029288
75.49192987038292,2012,Lille,Good,Non,190415.01277072474
111.06019926618704,1998,Paris,Poor,Oui,899242.541175247
88.19983563017918,2013,Marseille,Excellent,Non,369970.55979848874
100.86234468804453,1981,Paris,Good,Oui,1225390.118504894
138.35355587821897,1956,Marseille,Good,Non,450455.53217240406
105.7329720405971,1970,Paris,Excellent,Oui,1327089.3547973568
101.39309644468446,1969,Lyon,Poor,Oui,359929.5870501708
59.20431577060242,1975,Paris,Good,Non,626569.8915379588
122.38760698081663,2017,Lyon,Poor,Non,381407.8877105097
119.36452543423226,1964,Lyon,Good,Non,507149.68642952386
164.8976416991638,1963,Lille,Fair,Non,378439.91723716096
90.76665295140998,1976,Lyon,Good,Non,389962.87123977754
106.57450982991816,1989,Lyon,Excellent,Oui,641435.3924953474
107.48151051132265,2007,Paris,Excellent,Non,1373439.3174284033
147.32359839290424,1977,Marseille,Poor,Non,351364.42644576455
97.14113402839143,1975,Lille,Good,Oui,256217.2473061565
108.37064577311018,2012,Lyon,Poor,Non,331508.61066761514
118.23689529149618,2015,Lille,Poor,Non,215912.5717111377
105.59827369469075,1974,Paris,Fair,Oui,1037218.9706029565
86.60699156348416,1952,Lyon,Fair,Non,328765.1962105524
105.82269978694923,2021,Paris,Excellent,Non,1389239.1584675512
132.20895249579317,1993,Lille,Poor,Non,230648.73089694744
69.20454101766819,1991,Paris,Excellent,Oui,970208.5221189385
103.98909022440628,1955,Lille,Good,Non,250981.8141125566
78.9963755518248,1988,Paris,Poor,Oui,677702.31084077
135.85139886774527,2001,Lille,Poor,Non,255535.89828518813
54.30439285648676,1972,Marseille,Good,Oui,204892.4177802989
83.23234458185235,1999,Paris,Good,Non,890683.8595397065
111.31635625193563,1992,Paris,Excellent,Oui,1568797.1333503646
146.9657208770302,1968,Marseille,Excellent,Oui,727722.9465679768
98.02749216781037,2018,Marseille,Good,Oui,330280.99012416316
83.34401419920405,2000,Paris,Excellent,Oui,1138069.4154812926
156.4347120832177,1960,Marseille,Good,Oui,614988.80966608
56.55958298751268,1961,Lyon,Poor,Oui,198112.34810718946
34.03582130139754,2023,Lille,Poor,Non,60177.57018771847
113.20043350159997,1957,Lille,Fair,Non,240648.70063841483
84.93837326942166,1973,Lille,Poor,Oui,171906.97682672722
69.36301548607861,1990,Lyon,Good,Oui,350687.8121391694
121.2506934189806,1985,Marseille,Excellent,Oui,563651.6008362983
107.31402141313596,2021,Marseille,Fair,Oui,371043.5789449386
83.07764107789815,2004,Paris,Excellent,Non,1016543.7886508333
61.590868039873165,1958,Marseille,Good,Oui,239490.62089237125
126.17371984840435,1996,Paris,Poor,Non,964594.4101103015
119.50603533875983,1964,Lyon,Fair,Non,444685.6948236576
97.02472408661852,1997,Lille,Good,Oui,245224.59334126755
155.39910988142998,1991,Lille,Fair,Oui,363011.3731022803
67.89745701021542,2009,Lille,Fair,Non,145185.49575382308
54.23424487225783,2019,Marseille,Poor,Non,137486.20536111185
79.24275790356266,1961,Paris,Good,Oui,872863.9494315907
98.63241950933507,1951,Paris,Excellent,Oui,1346104.3264110582
107.30018347968075,1956,Lyon,Fair,Oui,504425.81701670564
92.7629182643101,1952,Marseille,Fair,Non,283846.73272392165
110.5616618954289,1952,Lyon,Excellent,Non,621676.347177911
62.45381727428667,1976,Paris,Good,Oui,679919.7361849248
143.31293812219778,1989,Paris,Fair,Non,1132402.2655251576
97.53546464822294,1982,Lille,Fair,Non,181867.3095560576
133.51887494764384,1950,Marseille,Fair,Oui,422239.1089212106
110.28176039133112,1957,Paris,Good,Oui,1053377.437006204
113.70259657461352,1981,Lille,Good,Non,289350.2671179758
117.09301840696611,1997,Marseille,Excellent,Non,480788.3942822067
113.43125680051945,1953,Lyon,Good,Oui,520964.1615710116
119.28168279602632,2019,Marseille,Good,Oui,461962.77465847187
139.87457590397295,1968,Marseille,Poor,Oui,360963.79382521013
105.8956350910441,1981,Paris,Excellent,Oui,1426425.6749098338
121.27011272765537,1958,Paris,Fair,Oui,1170798.894789295
97.3079291713832,1961,Marseille,Good,Non,325586.835901638
143.2035164634842,1960,Paris,Fair,Non,1200100.8728830782
79.7082309382219,1995,Paris,Fair,Non,683554.0281832524
154.02821298732448,1965,Paris,Poor,Non,1000424.2988074353
98.7952614806697,1950,Lille,Good,Oui,270491.2759821505
57.076746936458555,2012,Lille,Excellent,Oui,174141.08150454337
103.84313244732368,1970,Marseille,Good,Oui,408050.6219235487
79.56845027575358,1979,Paris,Fair,Non,659745.1881121943
125.21930646966173,1962,Lille,Excellent,Non,345222.68362685986
80.42128062092827,1983,Marseille,Good,Non,271321.54104254494
86.61449700355661,1953,Paris,Fair,Oui,784843.8625356558
43.31377807163407,1977,Lyon,Fair,Non,172422.35321378836
86.4308104225277,2008,Paris,Poor,Oui,670662.7657283072
27.2836202011313,1976,Paris,Poor,Oui,198279.31186653246
52.4829152954283,2018,Lille,Poor,Oui,109109.79158134742
122.81243968432892,1974,Marseille,Fair,Oui,412082.42859812226
123.57400475952497,1952,Marseille,Good,Oui,463866.07502284733
112.76372685354895,2017,Lille,Poor,Oui,199957.05924093476
70.99071570612361,1974,Paris,Good,Non,692389.1302129092
98.5686593157406,1969,Lyon,Poor,Oui,335680.544944983
99.89192382728295,1983,Paris,Excellent,Oui,1340147.275144092
65.24905932422374,1975,Paris,Excellent,Non,803733.1947980472
145.10194905301452,1954,Lyon,Poor,Oui,520251.1633918253
126.32086871727014,2010,Lille,Fair,Non,246256.32831687326
93.37107478511008,1958,Marseille,Poor,Non,228809.92002478676
100.80657516983592,1999,Lille,Poor,Non,174135.5863295268
106.25148423842657,1955,Lille,Fair,Oui,277960.6728257781
38.747953947271284,2009,Paris,Excellent,Oui,512134.2626461012
92.5846785243821,1993,Marseille,Good,Non,312456.2048711663
79.54047256006605,1960,Marseille,Poor,Oui,213066.91819606465
69.95139970315253,2015,Lille,Fair,Oui,163020.7764244342
91.56699121342135,1996,Lyon,Poor,Non,258867.9559484628
153.93059580548567,2022,Lille,Fair,Non,333693.65165835683
119.2252858380103,1952,Lyon,Good,Oui,577102.6270603163
82.86463030651609,1979,Marseille,Good,Non,287392.15124108794
117.17748344068475,1970,Lille,Excellent,Non,333079.58406240493
